ID тренировки,Спортсмен,Длительность тренировки (мин),Потраченные калории,Час начала тренировки
TR_00001,Ольга,53.8,448.8,11
TR_00002,Елена,59.5,336.8,7
TR_00003,Алексей,63.3,500.6,17
TR_00004,Сергей,51.3,481.8,8
TR_00005,Кристина,62.5,265.6,14
TR_00006,Иван,140.3,531.3,12
TR_00007,Кристина,91.1,351.1,15
TR_00008,Дмитрий,59.6,488.7,12
TR_00009,Анна,57.8,326.4,11
TR_00010,Алексей,8.5,512.0,10
TR_00011,Дмитрий,42.7,419.7,8
TR_00012,Павел,44.5,428.4,12
TR_00013,Анна,41.4,110.7,6
TR_00014,Кристина,81.1,456.1,11
TR_00015,Кристина,60.3,451.9,7
TR_00016,Кристина,58.6,437.4,6
TR_00017,Алексей,78.0,660.4,14
TR_00018,Ольга,52.2,332.8,10
TR_00019,Ольга,48.6,274.9,17
TR_00020,Дмитрий,57.9,309.5,17
TR_00021,Анна,24.2,411.2,16
TR_00022,Алексей,88.2,413.3,16
TR_00023,Елена,38.7,386.5,13
TR_00024,Мария,42.7,394.5,6
TR_00025,Иван,81.9,383.3,15
TR_00026,Елена,63.4,181.2,7
TR_00027,Павел,63.0,400.6,15
TR_00028,Сергей,3.6,437.6,18
TR_00029,Павел,41.3,438.3,21
TR_00030,Иван,68.8,354.8,11
TR_00031,Дмитрий,74.4,158.2,16
TR_00032,Ольга,60.7,396.8,18
TR_00033,Анна,64.8,289.9,20
TR_00034,Кристина,74.3,407.8,22
TR_00035,Анна,53.6,484.5,11
TR_00036,Сергей,40.1,407.8,10
TR_00037,Сергей,72.3,436.9,9
TR_00038,Кристина,51.5,309.4,16
TR_00039,Анна,53.6,576.2,13
TR_00040,Кристина,75.0,500.1,11
TR_00041,Алексей,74.0,663.2,11
TR_00042,Ольга,66.3,330.8,10
TR_00043,Дмитрий,163.2,363.8,20
TR_00044,Сергей,76.4,492.0,11
TR_00045,Ольга,65.3,328.2,18
TR_00046,Алексей,62.0,477.9,8
TR_00047,Анна,48.0,357.1,8
TR_00048,Кристина,49.5,280.1,21
TR_00049,Дмитрий,59.3,484.6,18
TR_00050,Иван,57.1,364.5,13
TR_00051,Кристина,66.2,417.4,12
TR_00052,Кристина,61.3,449.4,15
TR_00053,Елена,54.3,324.1,12
TR_00054,Мария,74.2,371.6,9
TR_00055,Кристина,71.3,278.7,14
TR_00056,Дмитрий,33.4,334.2,7
TR_00057,Ольга,67.1,496.2,17
TR_00058,Елена,95.1,222.3,21
TR_00059,Ольга,48.5,343.2,12
TR_00060,Сергей,33.7,424.5,15
TR_00061,Дмитрий,79.2,357.8,18
TR_00062,Ольга,54.5,439.0,11
TR_00063,Павел,176.7,487.9,10
TR_00064,Ольга,52.1,341.4,19
TR_00065,Елена,43.1,302.0,22
TR_00066,Алексей,239.9,302.7,15
TR_00067,Иван,54.2,479.2,22
TR_00068,Мария,68.0,373.8,8
TR_00069,Мария,55.0,329.9,15
TR_00070,Ольга,54.4,456.0,20
TR_00071,Дмитрий,81.2,379.1,6
TR_00072,Иван,65.2,439.1,22
TR_00073,Сергей,181.8,239.1,19
TR_00074,Ольга,86.4,336.4,18
TR_00075,Мария,34.2,460.4,6
TR_00076,Иван,61.1,390.4,12
TR_00077,Павел,55.7,282.2,19
TR_00078,Павел,73.5,389.4,13
TR_00079,Мария,67.3,432.0,13
TR_00080,Елена,63.0,627.6,15
TR_00081,Ольга,58.8,252.4,6
TR_00082,Сергей,60.1,434.6,7
TR_00083,Павел,47.1,314.7,10
TR_00084,Мария,179.7,302.6,9
TR_00085,Мария,50.3,529.3,15
TR_00086,Елена,74.8,375.5,14
TR_00087,Дмитрий,62.1,653.9,12
TR_00088,Алексей,68.1,221.3,10
TR_00089,Ольга,50.9,345.6,16
TR_00090,Иван,79.4,270.5,13
TR_00091,Дмитрий,61.3,406.5,8
TR_00092,Дмитрий,53.0,379.5,16
TR_00093,Иван,42.8,374.0,12
TR_00094,Иван,55.5,437.0,22
TR_00095,Иван,58.4,259.1,6
TR_00096,Анна,3.9,514.6,8
TR_00097,Павел,79.6,357.5,6
TR_00098,Алексей,78.3,514.6,17
TR_00099,Ольга,58.7,366.1,21
TR_00100,Дмитрий,54.2,407.5,16
TR_00101,Ольга,86.9,459.6,22
TR_00102,Иван,62.3,208.3,22
TR_00103,Ольга,69.5,394.8,9
TR_00104,Иван,36.3,351.0,10
TR_00105,Иван,47.3,340.3,12
TR_00106,Елена,65.5,388.9,15
TR_00107,Ольга,33.8,444.6,8
TR_00108,Иван,50.9,411.8,6
TR_00109,Павел,96.5,379.9,7
TR_00110,Сергей,39.0,371.8,21
TR_00111,Елена,9.4,285.9,15
TR_00112,Елена,152.8,275.0,11
TR_00113,Дмитрий,67.3,331.6,11
TR_00114,Сергей,60.8,464.0,12
TR_00115,Алексей,43.3,305.8,14
TR_00116,Иван,54.7,463.9,13
TR_00117,Елена,68.3,473.9,16
TR_00118,Мария,63.8,187.1,22
TR_00119,Ольга,44.6,316.2,14
TR_00120,Ольга,61.9,355.6,19
TR_00121,Ольга,10.6,363.1,10
TR_00122,Иван,54.5,365.8,7
TR_00123,Алексей,86.0,406.3,18
TR_00124,Елена,48.5,464.2,19
TR_00125,Алексей,47.9,365.1,18
TR_00126,Павел,49.6,255.3,17
TR_00127,Кристина,52.0,429.3,20
TR_00128,Сергей,66.5,472.9,15
TR_00129,Иван,57.4,260.9,18
TR_00130,Ольга,63.8,346.4,10
TR_00131,Иван,65.4,337.1,17
TR_00132,Кристина,52.6,333.2,14
TR_00133,Иван,68.2,410.6,11
TR_00134,Кристина,84.1,384.0,8
TR_00135,Дмитрий,77.7,209.9,13
TR_00136,Алексей,49.6,550.8,13
TR_00137,Анна,70.0,293.7,11
TR_00138,Сергей,51.9,422.7,14
TR_00139,Павел,50.0,465.1,11
TR_00140,Дмитрий,60.5,488.5,8
TR_00141,Кристина,64.0,305.4,21
TR_00142,Павел,59.1,451.9,22
TR_00143,Кристина,43.4,328.8,11
TR_00144,Алексей,51.1,371.8,11
TR_00145,Анна,85.2,294.8,8
TR_00146,Анна,61.2,515.7,15
TR_00147,Кристина,7.8,390.9,10
TR_00148,Дмитрий,61.6,488.4,13
TR_00149,Анна,75.6,456.9,17
TR_00150,Сергей,61.8,319.0,20
TR_00151,Кристина,61.3,379.5,9
TR_00152,Кристина,44.9,346.3,19
TR_00153,Елена,75.2,314.1,6
TR_00154,Сергей,70.1,383.0,11
TR_00155,Мария,73.7,484.9,15
TR_00156,Дмитрий,66.4,458.5,19
TR_00157,Иван,49.6,300.3,9
TR_00158,Сергей,57.9,342.9,14
TR_00159,Сергей,58.3,285.2,18
TR_00160,Павел,48.5,409.8,14
TR_00161,Ольга,51.0,328.8,13
TR_00162,Мария,63.6,573.8,12
TR_00163,Алексей,235.0,494.6,16
TR_00164,Павел,70.4,572.6,7
TR_00165,Сергей,36.4,446.1,20
TR_00166,Иван,39.0,427.3,11
TR_00167,Анна,62.2,528.9,18
TR_00168,Сергей,69.7,371.1,16
TR_00169,Алексей,49.8,404.2,16
TR_00170,Анна,59.6,491.4,12
TR_00171,Сергей,58.6,442.9,7
TR_00172,Сергей,45.5,522.5,8
TR_00173,Елена,60.7,544.2,20
TR_00174,Сергей,76.9,328.7,11
TR_00175,Павел,67.5,450.2,22
TR_00176,Иван,58.0,394.9,12
TR_00177,Кристина,51.4,383.5,12
TR_00178,Анна,51.3,534.9,19
TR_00179,Павел,58.3,256.3,15
TR_00180,Ольга,34.1,524.7,12
TR_00181,Сергей,53.4,545.4,22
TR_00182,Дмитрий,100.9,512.8,10
TR_00183,Сергей,53.9,551.7,13
TR_00184,Иван,34.7,355.9,19
TR_00185,Сергей,88.2,205.0,21
TR_00186,Алексей,67.6,385.0,17
TR_00187,Иван,46.4,494.1,18
TR_00188,Сергей,61.6,326.4,15
TR_00189,Сергей,52.9,563.9,18
TR_00190,Иван,69.1,459.1,11
TR_00191,Ольга,3.1,263.0,12
TR_00192,Анна,41.5,154.9,19
TR_00193,Анна,53.8,499.3,21
TR_00194,Мария,55.0,311.9,6
TR_00195,Павел,57.7,372.7,10
TR_00196,Анна,73.8,493.7,9
TR_00197,Дмитрий,51.8,582.1,20
TR_00198,Сергей,38.5,248.9,17
TR_00199,Мария,83.8,359.9,13
TR_00200,Дмитрий,66.0,470.4,21
TR_00201,Ольга,40.2,472.9,21
TR_00202,Дмитрий,62.5,430.2,13
TR_00203,Иван,72.0,416.6,16
TR_00204,Иван,67.4,476.7,9
TR_00205,Ольга,58.2,396.4,9
TR_00206,Елена,68.8,491.3,20
TR_00207,Павел,38.9,334.9,11
TR_00208,Кристина,14.7,576.4,22
TR_00209,Мария,50.5,399.5,22
TR_00210,Дмитрий,10.2,326.2,21
TR_00211,Дмитрий,69.2,268.2,7
TR_00212,Мария,62.2,387.4,20
TR_00213,Анна,54.0,403.3,20
TR_00214,Сергей,76.5,299.3,21
TR_00215,Павел,9.7,404.7,20
TR_00216,Иван,77.8,372.3,10
TR_00217,Елена,72.3,310.0,22
TR_00218,Сергей,74.6,386.9,16
TR_00219,Ольга,48.0,452.4,6
TR_00220,Сергей,67.9,413.8,13
TR_00221,Павел,60.2,524.2,16
TR_00222,Ольга,56.2,283.3,19
TR_00223,Дмитрий,68.8,351.2,19
TR_00224,Кристина,71.3,353.7,15
TR_00225,Иван,67.3,324.2,12
TR_00226,Анна,74.0,465.0,6
TR_00227,Ольга,51.5,211.5,17
TR_00228,Павел,57.6,314.1,7
TR_00229,Дмитрий,76.2,502.2,19
TR_00230,Алексей,72.3,392.8,17
TR_00231,Дмитрий,69.6,440.0,8
TR_00232,Анна,83.5,310.0,18
TR_00233,Кристина,39.3,280.3,13
TR_00234,Павел,211.6,311.6,7
TR_00235,Алексей,195.5,662.9,11
TR_00236,Ольга,53.6,379.2,17
TR_00237,Иван,73.2,463.7,8
TR_00238,Алексей,69.2,198.7,16
TR_00239,Анна,56.8,569.9,22
TR_00240,Дмитрий,65.3,457.2,6
TR_00241,Сергей,66.2,338.1,11
TR_00242,Дмитрий,80.3,452.6,21
TR_00243,Кристина,74.7,485.8,19
TR_00244,Мария,53.7,546.1,16
TR_00245,Алексей,163.7,459.2,16
TR_00246,Дмитрий,40.2,395.4,9
TR_00247,Дмитрий,64.7,210.2,7
TR_00248,Сергей,79.0,343.4,8
TR_00249,Кристина,68.2,445.2,12
TR_00250,Мария,58.3,336.9,9
TR_00251,Дмитрий,62.2,379.6,14
TR_00252,Алексей,78.0,630.7,15
TR_00253,Иван,60.8,396.5,10
TR_00254,Алексей,43.8,409.7,21
TR_00255,Дмитрий,180.3,542.4,20
TR_00256,Павел,42.2,362.0,7
TR_00257,Иван,55.8,309.2,17
TR_00258,Анна,8.5,337.3,20
TR_00259,Мария,46.6,645.0,22
TR_00260,Павел,81.7,368.9,8
TR_00261,Мария,42.5,470.1,6
TR_00262,Ольга,68.6,436.2,7
TR_00263,Павел,40.1,424.6,12
TR_00264,Иван,69.9,374.1,9
TR_00265,Кристина,4.8,228.1,18
TR_00266,Алексей,34.1,335.1,6
TR_00267,Анна,42.3,400.0,20
TR_00268,Сергей,48.5,491.2,21
TR_00269,Кристина,49.9,269.4,9
TR_00270,Алексей,75.0,320.0,10
TR_00271,Павел,37.1,472.3,16
TR_00272,Кристина,59.8,383.8,16
TR_00273,Кристина,41.2,561.8,20
TR_00274,Иван,77.4,41.1,10
TR_00275,Дмитрий,48.0,400.1,9
TR_00276,Ольга,45.1,188.7,14
TR_00277,Ольга,47.2,372.2,16
TR_00278,Кристина,50.7,515.2,14
TR_00279,Анна,49.9,447.5,22
TR_00280,Елена,4.7,410.8,17
TR_00281,Кристина,56.8,548.8,11
TR_00282,Елена,70.1,211.3,16
TR_00283,Иван,68.3,340.4,12
TR_00284,Иван,43.1,586.5,13
TR_00285,Алексей,81.5,267.7,15
TR_00286,Иван,79.3,594.3,14
TR_00287,Павел,79.0,533.2,9
TR_00288,Сергей,74.9,494.9,21
TR_00289,Сергей,154.0,401.5,18
TR_00290,Иван,73.7,211.7,6
TR_00291,Павел,51.5,318.6,16
TR_00292,Кристина,68.4,445.3,8
TR_00293,Мария,56.7,568.8,13
TR_00294,Иван,59.8,433.0,9
TR_00295,Алексей,48.6,416.9,11
TR_00296,Мария,40.8,475.1,22
TR_00297,Павел,44.5,342.9,17
TR_00298,Ольга,60.8,411.2,15
TR_00299,Ольга,81.8,379.5,22
TR_00300,Сергей,82.8,234.5,15
TR_00301,Елена,211.1,407.1,6
TR_00302,Анна,97.7,355.2,15
TR_00303,Павел,58.5,453.6,18
TR_00304,Елена,54.6,412.6,22
TR_00305,Дмитрий,75.9,344.9,22
TR_00306,Павел,60.2,426.6,10
TR_00307,Елена,60.4,359.3,12
TR_00308,Мария,51.1,341.0,18
TR_00309,Кристина,57.5,452.0,18
TR_00310,Анна,65.6,299.9,14
TR_00311,Павел,73.9,353.5,8
TR_00312,Павел,56.1,420.2,14
TR_00313,Кристина,66.2,542.0,13
TR_00314,Ольга,168.1,514.7,18
TR_00315,Иван,60.2,263.5,18
TR_00316,Сергей,36.1,428.1,14
TR_00317,Иван,34.9,554.1,16
TR_00318,Алексей,54.6,484.4,14
TR_00319,Мария,58.0,435.1,18
TR_00320,Кристина,55.7,442.1,16
TR_00321,Мария,26.2,496.7,11
TR_00322,Ольга,57.2,360.9,10
TR_00323,Дмитрий,55.6,477.0,15
TR_00324,Павел,46.1,415.1,21
TR_00325,Алексей,62.5,259.5,19
TR_00326,Ольга,73.5,405.4,17
TR_00327,Алексей,61.5,249.9,7
TR_00328,Дмитрий,40.9,366.2,8
TR_00329,Елена,67.2,604.8,18
TR_00330,Дмитрий,59.4,333.8,21
TR_00331,Алексей,69.0,230.5,18
TR_00332,Алексей,55.0,391.9,11
TR_00333,Иван,33.6,319.7,19
TR_00334,Елена,31.1,470.9,10
TR_00335,Павел,63.5,417.5,19
TR_00336,Павел,69.3,513.3,6
TR_00337,Ольга,88.8,239.2,13
TR_00338,Мария,33.5,406.5,12
TR_00339,Ольга,30.5,398.9,7
TR_00340,Дмитрий,74.9,226.2,7
TR_00341,Сергей,66.0,343.9,22
TR_00342,Ольга,29.9,419.9,15
TR_00343,Мария,33.2,371.8,16
TR_00344,Иван,73.2,316.6,15
TR_00345,Мария,52.5,299.5,19
TR_00346,Анна,44.6,228.4,11
TR_00347,Мария,70.2,421.1,9
TR_00348,Павел,76.6,410.8,15
TR_00349,Сергей,51.1,385.4,11
TR_00350,Иван,48.2,339.0,11
TR_00351,Дмитрий,12.1,502.9,9
TR_00352,Анна,57.9,399.5,20
TR_00353,Мария,70.4,377.7,13
TR_00354,Кристина,61.0,547.3,17
TR_00355,Сергей,54.8,374.5,11
TR_00356,Мария,56.9,392.8,19
TR_00357,Мария,42.1,547.6,10
TR_00358,Иван,52.0,487.2,20
TR_00359,Кристина,220.8,422.4,11
TR_00360,Ольга,84.9,393.2,11
TR_00361,Мария,32.6,541.3,10
TR_00362,Алексей,57.7,273.6,20
TR_00363,Дмитрий,38.8,431.3,15
TR_00364,Иван,53.9,346.1,20
TR_00365,Мария,86.3,486.2,6
TR_00366,Кристина,53.9,352.0,22
TR_00367,Кристина,61.3,225.7,17
TR_00368,Елена,52.4,579.9,20
TR_00369,Павел,48.4,419.2,10
TR_00370,Кристина,59.2,565.5,9
TR_00371,Мария,80.3,429.0,17
TR_00372,Дмитрий,73.7,393.6,15
TR_00373,Павел,53.9,504.7,17
TR_00374,Кристина,54.6,500.8,17
TR_00375,Павел,78.7,211.6,18
TR_00376,Дмитрий,53.6,438.9,14
TR_00377,Павел,58.8,452.5,20
TR_00378,Иван,47.2,509.5,12
TR_00379,Елена,10.2,377.0,13
TR_00380,Елена,74.9,484.2,6
TR_00381,Иван,28.1,230.8,22
TR_00382,Мария,53.0,444.6,14
TR_00383,Иван,78.7,470.4,19
TR_00384,Кристина,9.4,399.3,8
TR_00385,Анна,55.7,151.7,14
TR_00386,Павел,47.1,515.0,14
TR_00387,Анна,61.3,370.2,11
TR_00388,Дмитрий,186.8,354.1,14
TR_00389,Алексей,147.6,430.0,16
TR_00390,Ольга,14.9,292.2,13
TR_00391,Дмитрий,55.2,471.9,20
TR_00392,Дмитрий,220.8,472.4,10
TR_00393,Ольга,72.2,292.9,22
TR_00394,Павел,59.0,421.9,18
TR_00395,Кристина,56.6,319.3,20
TR_00396,Дмитрий,60.7,442.5,6
TR_00397,Елена,51.7,438.9,9
TR_00398,Мария,86.7,376.5,6
TR_00399,Сергей,72.7,539.1,19
TR_00400,Иван,71.0,265.7,14
TR_00401,Елена,47.9,358.1,18
TR_00402,Сергей,92.7,320.8,11
TR_00403,Елена,47.0,211.8,14
TR_00404,Иван,44.7,373.2,22
TR_00405,Анна,57.3,419.4,10
TR_00406,Анна,89.8,485.3,7
TR_00407,Мария,14.1,520.0,7
TR_00408,Анна,60.3,499.6,8
TR_00409,Кристина,36.3,277.1,17
TR_00410,Алексей,62.9,257.8,8
TR_00411,Сергей,73.9,482.7,20
TR_00412,Кристина,64.3,549.6,10
TR_00413,Мария,51.9,562.5,12
TR_00414,Ольга,63.3,371.4,21
TR_00415,Ольга,65.0,390.0,16
TR_00416,Дмитрий,54.1,549.2,12
TR_00417,Анна,90.2,468.1,9
TR_00418,Кристина,60.0,430.4,8
TR_00419,Дмитрий,45.5,408.8,14
TR_00420,Иван,35.4,645.0,8
TR_00421,Павел,51.2,369.0,15
TR_00422,Дмитрий,57.8,446.3,17
TR_00423,Павел,49.3,371.5,13
TR_00424,Ольга,62.7,451.9,10
TR_00425,Мария,182.5,534.6,13
TR_00426,Анна,76.1,526.0,18
TR_00427,Павел,88.3,423.5,8
TR_00428,Алексей,133.8,494.7,15
TR_00429,Алексей,40.5,236.7,10
TR_00430,Мария,63.3,321.7,20
TR_00431,Елена,62.3,396.9,7
TR_00432,Павел,72.0,395.7,12
TR_00433,Кристина,72.9,315.1,9
TR_00434,Мария,65.7,243.7,14
TR_00435,Алексей,62.6,310.9,11
TR_00436,Сергей,62.4,489.2,9
TR_00437,Ольга,40.3,325.5,10
TR_00438,Иван,56.3,349.0,15
TR_00439,Сергей,76.1,464.3,19
TR_00440,Елена,77.8,400.3,7
TR_00441,Кристина,62.1,289.2,14
TR_00442,Мария,45.7,348.7,22
TR_00443,Иван,233.0,422.8,18
TR_00444,Кристина,153.1,353.4,20
TR_00445,Елена,49.6,597.5,6
TR_00446,Анна,61.9,392.7,9
TR_00447,Анна,79.6,276.7,6
TR_00448,Мария,68.6,278.6,17
TR_00449,Анна,53.2,540.8,6
TR_00450,Иван,48.6,398.6,9
TR_00451,Дмитрий,40.0,324.1,11
TR_00452,Иван,46.9,331.5,20
TR_00453,Мария,138.3,358.1,10
TR_00454,Павел,60.1,440.1,19
TR_00455,Сергей,58.2,261.5,9
TR_00456,Анна,78.9,434.1,13
TR_00457,Дмитрий,76.8,555.7,16
TR_00458,Павел,66.7,455.8,19
TR_00459,Иван,45.8,305.0,11
TR_00460,Анна,69.2,377.7,10
TR_00461,Ольга,59.6,314.3,6
TR_00462,Сергей,49.1,577.1,18
TR_00463,Алексей,45.3,284.2,11
TR_00464,Мария,55.8,498.1,20
TR_00465,Анна,92.1,426.3,16
TR_00466,Павел,9.5,538.3,6
TR_00467,Алексей,66.0,391.5,21
TR_00468,Анна,60.1,205.0,20
TR_00469,Павел,60.6,390.0,7
TR_00470,Алексей,79.9,522.5,14
TR_00471,Дмитрий,50.3,206.3,22
TR_00472,Анна,55.0,456.0,16
TR_00473,Дмитрий,71.8,275.4,9
TR_00474,Анна,53.1,475.2,17
TR_00475,Мария,72.3,351.0,18
TR_00476,Кристина,13.2,351.6,19
TR_00477,Анна,58.5,489.0,19
TR_00478,Алексей,204.6,200.9,6
TR_00479,Анна,65.0,371.9,7
TR_00480,Анна,59.9,424.0,7
TR_00481,Ольга,74.3,445.7,14
TR_00482,Елена,59.7,319.8,19
TR_00483,Иван,42.4,441.7,22
TR_00484,Ольга,54.3,333.9,6
TR_00485,Елена,83.1,327.2,9
TR_00486,Сергей,80.1,417.3,20
TR_00487,Сергей,191.9,234.7,22
TR_00488,Мария,65.0,465.0,18
TR_00489,Павел,41.7,515.2,6
TR_00490,Сергей,64.8,558.5,18
TR_00491,Елена,68.5,456.6,13
TR_00492,Иван,83.3,347.6,11
TR_00493,Павел,62.3,151.9,15
TR_00494,Павел,57.5,643.0,11
TR_00495,Кристина,35.0,478.7,7
TR_00496,Елена,85.7,468.6,20
TR_00497,Ольга,77.2,168.1,10
TR_00498,Павел,31.3,334.8,16
TR_00499,Мария,66.1,504.6,19
TR_00500,Мария,48.4,412.2,8
TR_00501,Дмитрий,70.7,596.9,20
TR_00502,Ольга,56.0,401.0,9
TR_00503,Дмитрий,58.2,404.0,12
TR_00504,Кристина,47.0,289.7,13
TR_00505,Дмитрий,55.6,407.6,9
TR_00506,Кристина,234.0,603.8,9
TR_00507,Елена,38.6,634.9,14
TR_00508,Алексей,48.0,506.3,11
TR_00509,Алексей,96.0,395.7,8
TR_00510,Иван,76.0,276.2,20
TR_00511,Дмитрий,48.3,496.7,10
TR_00512,Мария,58.2,482.5,13
TR_00513,Кристина,142.7,455.5,21
TR_00514,Алексей,71.5,541.3,15
TR_00515,Кристина,65.9,511.8,18
TR_00516,Мария,52.4,241.1,19
TR_00517,Сергей,48.0,517.7,21
TR_00518,Павел,43.1,425.0,11
TR_00519,Кристина,57.7,266.0,17
TR_00520,Алексей,22.4,422.3,12
TR_00521,Павел,36.9,432.0,14
TR_00522,Мария,61.8,394.6,11
TR_00523,Дмитрий,61.1,438.7,20
TR_00524,Мария,54.9,329.4,19
TR_00525,Павел,47.4,556.6,13
TR_00526,Кристина,43.5,395.9,8
TR_00527,Дмитрий,72.5,425.2,6
TR_00528,Анна,57.2,490.6,16
TR_00529,Дмитрий,68.7,159.0,18
TR_00530,Ольга,68.2,350.0,15
TR_00531,Анна,56.2,396.3,10
TR_00532,Сергей,237.7,392.3,10
TR_00533,Ольга,59.1,315.4,21
TR_00534,Елена,73.9,380.9,16
TR_00535,Алексей,57.0,322.0,22
TR_00536,Кристина,54.0,494.2,9
TR_00537,Мария,86.7,406.5,8
TR_00538,Анна,65.0,520.6,18
TR_00539,Сергей,67.0,383.7,20
TR_00540,Кристина,50.6,251.7,9
TR_00541,Иван,54.0,355.1,14
TR_00542,Сергей,44.7,440.5,16
TR_00543,Павел,80.6,314.3,8
TR_00544,Сергей,80.0,486.9,21
TR_00545,Елена,78.6,403.5,7
TR_00546,Елена,60.7,523.3,22
TR_00547,Сергей,59.6,485.7,6
TR_00548,Ольга,62.0,466.5,17
TR_00549,Елена,46.5,301.6,13
TR_00550,Алексей,60.0,428.1,18
TR_00551,Иван,64.3,253.2,21
TR_00552,Ольга,56.6,604.8,21
TR_00553,Иван,72.6,348.9,8
TR_00554,Мария,65.6,309.1,12
TR_00555,Мария,69.9,493.6,13
TR_00556,Ольга,67.6,568.1,11
TR_00557,Ольга,59.2,497.3,8
TR_00558,Мария,76.0,530.8,17
TR_00559,Павел,51.9,240.0,16
TR_00560,Елена,64.7,332.2,16
TR_00561,Иван,47.5,498.1,19
TR_00562,Дмитрий,60.2,366.9,14
TR_00563,Анна,84.6,573.7,21
TR_00564,Елена,72.6,258.1,6
TR_00565,Мария,51.0,510.2,17
TR_00566,Дмитрий,70.2,398.0,8
TR_00567,Кристина,132.4,374.3,19
TR_00568,Мария,73.0,387.3,7
TR_00569,Алексей,45.5,511.9,6
TR_00570,Павел,94.2,417.9,12
TR_00571,Кристина,50.4,421.5,11
TR_00572,Алексей,9.6,440.3,16
TR_00573,Иван,31.6,251.8,8
TR_00574,Павел,62.7,502.5,22
TR_00575,Ольга,49.8,360.4,16
TR_00576,Иван,59.8,329.4,7
TR_00577,Кристина,63.1,339.7,15
TR_00578,Иван,47.0,396.7,11
TR_00579,Анна,43.7,383.8,9
TR_00580,Алексей,54.1,441.8,8
TR_00581,Ольга,55.0,363.7,15
TR_00582,Дмитрий,64.1,421.1,21
TR_00583,Иван,3.3,307.1,20
TR_00584,Дмитрий,66.7,330.2,20
TR_00585,Дмитрий,53.4,175.8,7
TR_00586,Алексей,66.9,329.7,15
TR_00587,Дмитрий,51.9,423.6,17
TR_00588,Алексей,78.8,364.5,16
TR_00589,Дмитрий,77.4,295.6,15
TR_00590,Ольга,48.3,476.7,8
TR_00591,Мария,53.3,327.6,14
TR_00592,Павел,57.7,426.6,9
TR_00593,Мария,85.0,386.0,8
TR_00594,Сергей,51.4,329.6,17
TR_00595,Иван,13.4,392.4,7
TR_00596,Анна,80.4,479.5,12
TR_00597,Павел,80.3,378.8,14
TR_00598,Павел,48.9,321.7,16
TR_00599,Кристина,76.5,331.6,20
TR_00600,Анна,67.4,493.6,12
TR_00601,Анна,45.0,320.9,12
TR_00602,Анна,43.9,472.8,14
TR_00603,Павел,43.4,398.9,22
TR_00604,Ольга,70.2,494.4,18
TR_00605,Алексей,55.0,407.5,21
TR_00606,Елена,77.5,521.4,8
TR_00607,Алексей,65.5,519.6,22
TR_00608,Иван,77.9,490.1,18
TR_00609,Алексей,41.8,422.0,22
TR_00610,Анна,82.8,519.3,8
TR_00611,Дмитрий,39.1,385.8,10
TR_00612,Иван,51.5,224.8,12
TR_00613,Мария,59.9,465.6,21
TR_00614,Алексей,68.1,532.2,16
TR_00615,Елена,148.6,405.3,16
TR_00616,Кристина,47.2,450.2,15
TR_00617,Павел,55.7,307.1,6
TR_00618,Елена,31.9,762.5,10
TR_00619,Ольга,77.8,421.1,21
TR_00620,Дмитрий,45.6,335.2,15
TR_00621,Сергей,65.1,432.2,21
TR_00622,Сергей,53.6,422.1,14
TR_00623,Дмитрий,46.7,475.4,14
TR_00624,Алексей,48.3,342.6,8
TR_00625,Ольга,231.1,485.3,17
TR_00626,Кристина,67.5,655.4,22
TR_00627,Алексей,37.2,176.1,8
TR_00628,Дмитрий,166.0,598.7,16
TR_00629,Мария,58.3,357.0,17
TR_00630,Павел,54.2,361.3,6
TR_00631,Павел,75.9,282.8,8
TR_00632,Анна,48.9,468.4,14
TR_00633,Иван,50.6,366.0,9
TR_00634,Алексей,46.6,399.4,21
TR_00635,Иван,207.3,392.1,20
TR_00636,Иван,60.8,419.1,14
TR_00637,Елена,67.4,433.4,16
TR_00638,Ольга,67.1,541.4,13
TR_00639,Алексей,51.3,375.9,12
TR_00640,Дмитрий,72.8,611.9,16
TR_00641,Ольга,63.5,300.4,12
TR_00642,Павел,43.9,453.0,18
TR_00643,Анна,71.5,325.5,9
TR_00644,Мария,63.5,274.9,20
TR_00645,Сергей,72.3,215.3,6
TR_00646,Алексей,74.3,500.5,14
TR_00647,Ольга,11.4,334.9,13
TR_00648,Алексей,11.5,479.3,12
TR_00649,Кристина,50.7,480.5,10
TR_00650,Павел,137.8,268.0,21
TR_00651,Сергей,70.6,339.0,17
TR_00652,Алексей,46.2,536.0,10
TR_00653,Иван,64.0,426.6,20
TR_00654,Иван,68.7,189.9,11
TR_00655,Иван,66.2,355.2,9
TR_00656,Елена,61.9,307.0,20
TR_00657,Кристина,71.2,321.1,12
TR_00658,Алексей,10.9,494.7,15
TR_00659,Павел,53.4,306.6,19
TR_00660,Алексей,78.1,318.8,22
TR_00661,Елена,34.5,423.7,14
TR_00662,Ольга,39.6,397.0,6
TR_00663,Ольга,41.7,459.9,9
TR_00664,Иван,93.1,419.0,14
TR_00665,Елена,37.7,335.1,8
TR_00666,Дмитрий,55.4,313.5,19
TR_00667,Анна,76.3,356.9,17
TR_00668,Мария,75.5,406.7,7
TR_00669,Анна,65.2,299.6,21
TR_00670,Алексей,45.3,388.8,13
TR_00671,Ольга,69.8,282.8,12
TR_00672,Дмитрий,59.8,274.7,20
TR_00673,Мария,44.7,373.5,11
TR_00674,Алексей,53.1,356.7,7
TR_00675,Дмитрий,62.2,292.2,18
TR_00676,Иван,8.3,164.9,12
TR_00677,Ольга,72.7,586.3,7
TR_00678,Сергей,79.0,326.9,15
TR_00679,Анна,81.0,465.2,7
TR_00680,Елена,193.0,415.9,19
TR_00681,Алексей,39.9,426.2,9
TR_00682,Дмитрий,25.0,314.4,19
TR_00683,Павел,58.0,285.3,10
TR_00684,Анна,54.9,436.5,10
TR_00685,Мария,87.2,465.9,21
TR_00686,Сергей,38.4,328.8,12
TR_00687,Анна,55.2,495.4,15
TR_00688,Елена,47.9,143.7,17
TR_00689,Мария,73.8,381.5,7
TR_00690,Алексей,71.5,451.3,14
TR_00691,Дмитрий,74.9,359.4,15
TR_00692,Павел,61.7,676.6,14
TR_00693,Елена,47.2,478.5,13
TR_00694,Дмитрий,63.2,348.8,17
TR_00695,Сергей,55.2,363.7,10
TR_00696,Иван,35.1,348.5,8
TR_00697,Иван,42.6,362.7,8
TR_00698,Анна,68.6,323.9,16
TR_00699,Алексей,59.5,320.2,19
TR_00700,Сергей,85.4,357.6,12
TR_00701,Павел,60.1,412.7,14
TR_00702,Сергей,67.4,433.5,20
TR_00703,Павел,42.5,334.9,8
TR_00704,Иван,17.6,372.5,11
TR_00705,Павел,63.3,364.2,8
TR_00706,Алексей,79.2,369.5,8
TR_00707,Павел,58.5,509.1,6
TR_00708,Мария,50.3,283.1,11
TR_00709,Дмитрий,49.0,427.6,9
TR_00710,Анна,63.0,435.5,8
TR_00711,Мария,94.3,369.9,18
TR_00712,Иван,56.1,468.6,13
TR_00713,Елена,9.3,266.7,12
TR_00714,Елена,12.2,387.0,8
TR_00715,Алексей,67.4,386.0,22
TR_00716,Павел,83.2,521.4,22
TR_00717,Елена,54.4,382.6,14
TR_00718,Кристина,47.0,381.9,6
TR_00719,Алексей,49.2,414.1,16
TR_00720,Мария,40.8,526.7,21
TR_00721,Павел,45.3,479.6,22
TR_00722,Анна,56.8,475.6,17
TR_00723,Дмитрий,42.6,285.9,20
TR_00724,Дмитрий,54.4,462.0,15
TR_00725,Сергей,48.5,498.7,8
TR_00726,Иван,55.6,387.4,21
TR_00727,Анна,73.1,340.6,16
TR_00728,Павел,61.8,323.7,20
TR_00729,Анна,49.3,311.4,18
TR_00730,Анна,78.0,264.8,8
TR_00731,Сергей,140.6,217.7,6
TR_00732,Дмитрий,76.1,672.9,7
TR_00733,Елена,92.4,275.9,16
TR_00734,Иван,53.3,497.8,12
TR_00735,Елена,78.1,421.5,19
TR_00736,Алексей,132.0,511.5,11
TR_00737,Кристина,61.9,189.8,6
TR_00738,Иван,65.9,305.5,18
TR_00739,Елена,48.4,411.9,16
TR_00740,Кристина,64.8,527.7,12
TR_00741,Сергей,77.9,434.1,12
TR_00742,Алексей,41.4,456.3,13
TR_00743,Сергей,53.6,385.3,14
TR_00744,Анна,69.6,347.5,11
TR_00745,Мария,60.1,379.8,11
TR_00746,Мария,68.9,294.2,18
TR_00747,Павел,80.8,463.7,10
TR_00748,Анна,52.3,327.6,13
TR_00749,Елена,66.0,220.9,20
TR_00750,Сергей,72.0,461.6,6
TR_00751,Павел,88.4,543.0,20
TR_00752,Сергей,70.8,446.0,19
TR_00753,Ольга,65.1,377.7,11
TR_00754,Иван,49.3,529.1,14
TR_00755,Ольга,47.4,418.5,8
TR_00756,Алексей,78.1,383.6,10
TR_00757,Иван,79.4,480.7,12
TR_00758,Дмитрий,40.4,351.1,19
TR_00759,Елена,75.5,392.4,10
TR_00760,Иван,60.9,467.5,6
TR_00761,Кристина,135.8,482.4,21
TR_00762,Павел,59.9,414.9,15
TR_00763,Ольга,79.5,276.1,7
TR_00764,Анна,70.4,421.4,6
TR_00765,Иван,84.7,311.1,21
TR_00766,Анна,69.0,406.5,9
TR_00767,Сергей,58.5,321.8,18
TR_00768,Мария,42.7,597.7,14
TR_00769,Павел,54.9,492.5,21
TR_00770,Анна,70.0,218.3,20
TR_00771,Кристина,73.2,317.7,15
TR_00772,Сергей,49.4,397.4,15
TR_00773,Алексей,63.2,392.1,10
TR_00774,Кристина,62.4,414.3,12
TR_00775,Сергей,46.9,358.5,7
TR_00776,Кристина,43.9,393.5,15
TR_00777,Дмитрий,36.3,510.4,8
TR_00778,Дмитрий,72.9,552.6,6
TR_00779,Иван,72.4,276.5,8
TR_00780,Павел,14.3,472.2,22
TR_00781,Дмитрий,60.2,491.1,16
TR_00782,Кристина,67.3,357.0,6
TR_00783,Дмитрий,132.8,294.5,11
TR_00784,Кристина,50.9,566.7,6
TR_00785,Елена,34.3,329.3,8
TR_00786,Кристина,92.6,466.3,22
TR_00787,Дмитрий,69.7,455.2,11
TR_00788,Анна,68.3,457.8,18
TR_00789,Кристина,39.3,366.3,22
TR_00790,Мария,96.0,443.8,6
TR_00791,Алексей,31.9,455.0,11
TR_00792,Алексей,72.3,544.2,20
TR_00793,Сергей,58.3,281.6,12
TR_00794,Кристина,5.0,441.2,9
TR_00795,Павел,45.0,357.8,22
TR_00796,Анна,37.5,319.1,15
TR_00797,Алексей,35.5,254.3,19
TR_00798,Иван,42.6,249.1,17
TR_00799,Павел,86.1,261.7,22
TR_00800,Алексей,46.0,251.3,22
TR_00801,Павел,56.2,259.8,9
TR_00802,Ольга,66.6,228.1,21
TR_00803,Анна,64.7,317.1,15
TR_00804,Елена,40.6,213.1,21
TR_00805,Сергей,83.1,288.1,14
TR_00806,Елена,76.7,325.8,10
TR_00807,Иван,53.6,308.5,14
TR_00808,Анна,51.6,431.5,12
TR_00809,Ольга,56.2,356.8,22
TR_00810,Алексей,172.1,454.6,12
TR_00811,Алексей,20.1,451.3,19
TR_00812,Ольга,55.5,535.9,10
TR_00813,Кристина,43.3,364.2,17
TR_00814,Анна,68.9,341.3,22
TR_00815,Ольга,65.2,473.0,15
TR_00816,Сергей,36.8,421.2,19
TR_00817,Елена,36.9,435.7,20
TR_00818,Мария,58.5,540.6,6
TR_00819,Алексей,60.4,639.1,12
TR_00820,Сергей,53.3,293.8,20
TR_00821,Иван,76.1,432.0,8
TR_00822,Иван,55.3,449.0,20
TR_00823,Анна,37.7,368.5,21
TR_00824,Кристина,44.9,450.6,14
TR_00825,Иван,66.3,407.4,17
TR_00826,Дмитрий,76.1,201.8,6
TR_00827,Сергей,49.4,446.1,7
TR_00828,Кристина,66.4,392.7,9
TR_00829,Павел,60.9,395.2,21
TR_00830,Дмитрий,63.3,360.5,14
TR_00831,Алексей,54.7,384.1,12
TR_00832,Кристина,67.5,374.6,8
TR_00833,Иван,61.4,427.1,19
TR_00834,Кристина,45.5,355.2,18
TR_00835,Алексей,45.6,436.5,7
TR_00836,Ольга,67.8,628.8,20
TR_00837,Алексей,75.3,492.7,9
TR_00838,Алексей,45.4,327.7,11
TR_00839,Иван,55.7,326.1,21
TR_00840,Павел,30.2,444.4,14
TR_00841,Кристина,45.7,350.6,8
TR_00842,Сергей,77.1,295.4,18
TR_00843,Дмитрий,54.7,260.7,16
TR_00844,Дмитрий,86.2,314.4,11
TR_00845,Ольга,53.0,570.2,17
TR_00846,Алексей,53.2,443.0,8
TR_00847,Дмитрий,71.1,339.0,15
TR_00848,Сергей,67.6,394.5,19
TR_00849,Кристина,32.5,347.0,15
TR_00850,Алексей,69.0,547.6,15
TR_00851,Кристина,68.1,510.2,7
TR_00852,Алексей,68.5,449.4,17
TR_00853,Ольга,72.6,331.7,7
TR_00854,Елена,11.7,429.6,9
TR_00855,Кристина,72.4,358.1,10
TR_00856,Кристина,53.8,439.6,22
TR_00857,Алексей,12.9,329.9,17
TR_00858,Дмитрий,72.9,367.8,10
TR_00859,Кристина,47.0,462.6,7
TR_00860,Иван,67.7,522.3,15
TR_00861,Елена,52.5,399.4,7
TR_00862,Иван,63.1,474.8,18
TR_00863,Кристина,85.5,229.9,18
TR_00864,Анна,60.7,498.7,20
TR_00865,Павел,38.5,581.2,20
TR_00866,Кристина,47.3,441.1,9
TR_00867,Елена,54.8,463.2,17
TR_00868,Ольга,71.7,327.6,12
TR_00869,Сергей,29.3,559.1,6
TR_00870,Мария,230.3,402.9,15
TR_00871,Мария,50.4,126.6,18
TR_00872,Иван,57.5,367.6,20
TR_00873,Кристина,63.9,263.4,21
TR_00874,Иван,57.6,427.5,17
TR_00875,Сергей,48.3,442.8,8
TR_00876,Ольга,46.1,394.9,14
TR_00877,Сергей,8.7,501.8,15
TR_00878,Анна,73.3,343.6,17
TR_00879,Кристина,81.5,503.3,14
TR_00880,Ольга,77.9,283.6,15
TR_00881,Ольга,49.6,346.6,20
TR_00882,Мария,34.6,333.7,20
TR_00883,Анна,57.7,475.0,14
TR_00884,Дмитрий,86.8,411.1,17
TR_00885,Ольга,46.5,470.6,20
TR_00886,Иван,63.0,554.2,6
TR_00887,Елена,57.5,539.9,11
TR_00888,Анна,55.0,382.6,9
TR_00889,Павел,55.7,371.1,21
TR_00890,Мария,39.9,271.8,13
TR_00891,Мария,61.1,590.3,6
TR_00892,Сергей,69.7,297.5,21
TR_00893,Мария,69.7,417.6,8
TR_00894,Павел,69.0,467.6,19
TR_00895,Дмитрий,38.9,526.9,18
TR_00896,Мария,52.8,417.0,7
TR_00897,Анна,96.3,557.1,12
TR_00898,Алексей,48.2,398.8,20
TR_00899,Елена,53.5,265.2,6
TR_00900,Елена,77.2,434.9,20
TR_00901,Сергей,82.5,471.7,14
TR_00902,Анна,42.5,472.5,19
TR_00903,Павел,9.5,429.9,6
TR_00904,Кристина,45.5,295.4,13
TR_00905,Кристина,61.0,398.5,16
TR_00906,Сергей,71.1,424.1,11
TR_00907,Сергей,81.7,439.1,15
TR_00908,Сергей,56.9,418.6,21
TR_00909,Павел,84.7,529.7,15
TR_00910,Анна,49.4,408.5,6
TR_00911,Ольга,61.1,430.5,6
TR_00912,Кристина,47.5,387.7,10
TR_00913,Алексей,42.9,515.5,14
TR_00914,Павел,39.2,485.3,15
TR_00915,Павел,32.9,426.0,13
TR_00916,Алексей,33.5,406.4,22
TR_00917,Кристина,74.3,594.3,13
TR_00918,Ольга,54.0,315.1,13
TR_00919,Кристина,51.6,428.2,22
TR_00920,Павел,82.2,361.7,22
TR_00921,Иван,70.4,372.0,14
TR_00922,Ольга,55.7,322.5,13
TR_00923,Павел,55.1,400.3,18
TR_00924,Дмитрий,87.3,332.9,11
TR_00925,Анна,73.6,446.8,9
TR_00926,Анна,93.7,390.9,9
TR_00927,Ольга,55.1,425.4,9
TR_00928,Мария,70.6,457.6,10
TR_00929,Анна,12.3,413.1,19
TR_00930,Алексей,46.9,406.1,8
TR_00931,Елена,63.7,370.6,8
TR_00932,Кристина,75.5,405.9,20
TR_00933,Алексей,62.7,247.7,14
TR_00934,Алексей,62.1,197.6,12
TR_00935,Ольга,60.9,213.8,7
TR_00936,Иван,49.4,312.3,18
TR_00937,Елена,80.8,388.8,21
TR_00938,Сергей,58.8,323.6,20
TR_00939,Ольга,81.9,574.8,20
TR_00940,Елена,29.7,384.0,6
TR_00941,Ольга,42.7,288.2,12
TR_00942,Павел,29.2,504.7,15
TR_00943,Анна,43.3,479.9,20
TR_00944,Павел,68.4,334.6,20
TR_00945,Мария,63.6,390.4,12
TR_00946,Иван,59.4,488.4,14
TR_00947,Мария,45.8,316.9,16
TR_00948,Сергей,91.7,479.8,10
TR_00949,Анна,62.8,381.9,22
TR_00950,Анна,51.5,447.1,10
TR_00951,Сергей,78.5,298.0,19
TR_00952,Павел,71.1,332.1,19
TR_00953,Кристина,34.5,413.6,11
TR_00954,Сергей,71.0,143.3,21
TR_00955,Анна,235.5,362.5,11
TR_00956,Ольга,63.2,413.7,20
TR_00957,Павел,62.0,457.9,19
TR_00958,Дмитрий,69.2,284.8,16
TR_00959,Анна,58.3,375.0,15
TR_00960,Елена,56.8,345.2,19
TR_00961,Ольга,73.5,402.9,9
TR_00962,Сергей,48.1,407.3,8
TR_00963,Кристина,60.5,389.1,6
TR_00964,Павел,62.1,442.3,22
TR_00965,Алексей,53.5,257.8,8
TR_00966,Дмитрий,231.6,486.4,19
TR_00967,Иван,91.2,448.9,9
TR_00968,Анна,68.4,410.9,22
TR_00969,Елена,67.8,297.0,16
TR_00970,Ольга,58.9,536.8,20
TR_00971,Дмитрий,5.4,272.1,12
TR_00972,Алексей,29.7,257.6,11
TR_00973,Мария,58.4,501.3,9
TR_00974,Алексей,70.4,270.0,21
TR_00975,Павел,85.2,305.5,9
TR_00976,Алексей,49.5,371.6,16
TR_00977,Елена,41.1,327.2,22
TR_00978,Елена,53.3,646.1,8
TR_00979,Павел,61.8,318.8,12
TR_00980,Алексей,58.5,195.1,10
TR_00981,Сергей,69.1,228.3,14
TR_00982,Иван,64.6,325.8,21
TR_00983,Алексей,60.5,468.4,14
TR_00984,Елена,68.4,452.8,8
TR_00985,Кристина,84.1,362.1,15
TR_00986,Алексей,71.3,377.9,21
TR_00987,Анна,58.3,480.6,6
TR_00988,Кристина,71.1,297.7,7
TR_00989,Елена,79.3,477.2,10
TR_00990,Анна,49.3,368.9,9
TR_00991,Кристина,58.9,466.3,7
TR_00992,Дмитрий,71.2,353.9,12
TR_00993,Павел,52.7,386.0,19
TR_00994,Ольга,67.0,459.1,22
TR_00995,Елена,95.7,427.3,17
TR_00996,Мария,59.1,377.8,7
TR_00997,Иван,87.5,472.5,11
TR_00998,Ольга,86.4,366.6,16
TR_00999,Кристина,60.0,274.3,13
TR_01000,Сергей,83.1,304.3,12
TR_01001,Анна,55.3,564.0,7
TR_01002,Анна,48.0,474.3,6
TR_01003,Сергей,62.1,402.6,10
TR_01004,Дмитрий,54.6,530.8,18
TR_01005,Ольга,37.4,382.2,15
TR_01006,Павел,60.5,256.0,8
TR_01007,Алексей,71.1,425.4,19
TR_01008,Алексей,64.0,456.0,6
TR_01009,Мария,61.3,557.9,9
TR_01010,Алексей,65.9,432.9,17
TR_01011,Ольга,15.0,329.4,6
TR_01012,Иван,83.1,400.5,16
TR_01013,Сергей,62.9,499.0,15
TR_01014,Алексей,55.7,399.0,22
TR_01015,Алексей,51.1,440.3,14
TR_01016,Елена,71.3,336.6,9
TR_01017,Алексей,49.0,451.1,20
TR_01018,Ольга,60.6,297.4,21
TR_01019,Елена,67.7,270.1,18
TR_01020,Иван,39.2,452.4,13
TR_01021,Дмитрий,141.0,327.8,8
TR_01022,Ольга,48.0,465.9,19
TR_01023,Сергей,58.3,672.3,19
TR_01024,Алексей,36.8,327.7,11
TR_01025,Дмитрий,66.3,199.3,6
TR_01026,Мария,58.0,409.9,16
TR_01027,Иван,60.4,450.9,21
TR_01028,Дмитрий,64.9,394.7,21
TR_01029,Алексей,76.8,526.7,13
TR_01030,Анна,167.8,414.0,9
TR_01031,Ольга,55.3,451.0,12
TR_01032,Сергей,56.2,372.0,22
TR_01033,Дмитрий,74.4,451.6,7
TR_01034,Анна,55.2,309.9,16
TR_01035,Иван,143.0,257.9,18
TR_01036,Сергей,71.9,462.2,13
TR_01037,Елена,39.0,362.9,20
TR_01038,Алексей,73.4,309.5,7
TR_01039,Елена,172.5,135.4,8
TR_01040,Мария,74.6,365.5,10
TR_01041,Ольга,59.6,471.9,17
TR_01042,Дмитрий,60.7,460.7,6
TR_01043,Елена,167.9,295.0,13
TR_01044,Ольга,64.0,367.9,10
TR_01045,Кристина,65.5,351.4,9
TR_01046,Дмитрий,92.2,403.7,9
TR_01047,Дмитрий,92.6,300.0,11
TR_01048,Иван,58.2,504.1,15
TR_01049,Павел,51.5,445.3,8
TR_01050,Иван,100.1,432.5,9
TR_01051,Иван,17.9,320.7,22
TR_01052,Дмитрий,65.0,480.6,13
TR_01053,Иван,90.7,522.3,15
TR_01054,Иван,52.4,363.7,14
TR_01055,Елена,54.6,407.6,11
TR_01056,Сергей,50.8,364.8,21
TR_01057,Алексей,53.9,448.3,11
TR_01058,Иван,42.7,555.8,8
TR_01059,Алексей,46.9,377.6,15
TR_01060,Ольга,79.7,312.8,22
TR_01061,Павел,51.0,388.1,22
TR_01062,Иван,7.3,540.4,14
TR_01063,Павел,55.1,314.7,12
TR_01064,Алексей,51.3,396.6,9
TR_01065,Дмитрий,50.8,285.2,8
TR_01066,Анна,47.5,632.3,12
TR_01067,Алексей,164.3,331.8,21
TR_01068,Ольга,76.4,400.2,20
TR_01069,Иван,74.2,332.0,16
TR_01070,Павел,45.7,329.5,15
TR_01071,Дмитрий,9.7,590.0,8
TR_01072,Ольга,70.7,441.7,13
TR_01073,Анна,54.7,233.1,6
TR_01074,Павел,34.0,412.5,7
TR_01075,Дмитрий,92.9,408.9,17
TR_01076,Иван,64.8,498.5,6
TR_01077,Сергей,51.6,438.4,6
TR_01078,Анна,69.7,356.9,13
TR_01079,Павел,73.9,250.7,11
TR_01080,Алексей,59.5,331.8,18
TR_01081,Алексей,74.0,436.6,9
TR_01082,Ольга,64.1,472.6,20
TR_01083,Алексей,9.7,400.7,16
TR_01084,Кристина,50.5,420.7,13
TR_01085,Сергей,44.7,275.4,16
TR_01086,Павел,63.5,185.5,19
TR_01087,Елена,64.6,494.1,19
TR_01088,Павел,34.9,386.4,12
TR_01089,Анна,44.2,454.3,17
TR_01090,Алексей,52.9,382.1,9
TR_01091,Иван,35.4,243.5,9
TR_01092,Сергей,53.9,468.5,15
TR_01093,Кристина,67.8,495.6,22
TR_01094,Мария,43.3,511.8,20
TR_01095,Елена,59.3,523.2,19
TR_01096,Дмитрий,92.1,473.1,21
TR_01097,Кристина,73.4,614.0,19
TR_01098,Алексей,73.2,433.5,20
TR_01099,Иван,57.9,257.5,9
TR_01100,Павел,82.7,353.1,19
TR_01101,Кристина,71.6,523.3,19
TR_01102,Дмитрий,71.1,439.9,9
TR_01103,Елена,60.5,398.3,10
TR_01104,Кристина,80.6,401.6,19
TR_01105,Мария,62.8,387.7,13
TR_01106,Павел,56.0,377.1,17
TR_01107,Алексей,70.7,268.3,11
TR_01108,Мария,68.2,425.3,12
TR_01109,Елена,58.4,333.0,9
TR_01110,Кристина,51.5,321.3,21
TR_01111,Алексей,59.4,465.1,11
TR_01112,Алексей,68.1,288.0,7
TR_01113,Елена,74.2,486.1,17
TR_01114,Дмитрий,78.9,533.3,21
TR_01115,Сергей,76.4,514.9,15
TR_01116,Елена,54.9,451.2,15
TR_01117,Павел,54.0,311.5,18
TR_01118,Сергей,87.4,394.7,12
TR_01119,Дмитрий,60.2,263.4,21
TR_01120,Иван,65.5,425.1,14
TR_01121,Кристина,61.0,466.2,10
TR_01122,Павел,75.9,477.4,12
TR_01123,Кристина,82.8,559.9,13
TR_01124,Кристина,50.4,470.0,16
TR_01125,Анна,89.9,520.9,19
TR_01126,Дмитрий,68.0,413.2,15
TR_01127,Анна,51.7,428.9,19
TR_01128,Мария,52.5,491.2,8
TR_01129,Иван,51.4,483.3,9
TR_01130,Елена,54.8,498.7,20
TR_01131,Елена,48.3,539.8,17
TR_01132,Дмитрий,76.4,513.7,16
TR_01133,Анна,45.1,380.3,22
TR_01134,Анна,79.4,398.3,13
TR_01135,Елена,74.1,612.1,6
TR_01136,Ольга,50.6,537.0,22
TR_01137,Сергей,75.9,533.4,10
TR_01138,Павел,96.1,616.8,7
TR_01139,Елена,54.8,369.3,21
TR_01140,Павел,205.7,497.2,8
TR_01141,Мария,50.3,572.2,17
TR_01142,Иван,71.2,196.7,14
TR_01143,Иван,63.4,294.5,21
TR_01144,Елена,61.8,463.5,16
TR_01145,Иван,91.6,409.6,13
TR_01146,Елена,47.5,462.0,9
TR_01147,Ольга,62.8,319.0,19
TR_01148,Анна,46.3,392.5,20
TR_01149,Иван,73.8,480.8,8
TR_01150,Анна,65.5,383.7,16
TR_01151,Анна,73.9,459.9,15
TR_01152,Сергей,41.0,215.9,7
TR_01153,Иван,76.8,349.6,8
TR_01154,Кристина,47.2,246.9,22
TR_01155,Алексей,52.2,465.8,21
TR_01156,Елена,54.4,518.2,9
TR_01157,Кристина,38.3,209.4,16
TR_01158,Мария,44.0,359.1,16
TR_01159,Алексей,61.4,278.1,13
TR_01160,Кристина,62.8,509.6,16
TR_01161,Иван,83.2,534.2,6
TR_01162,Павел,82.3,561.9,16
TR_01163,Кристина,80.6,395.3,7
TR_01164,Ольга,83.8,326.2,7
TR_01165,Павел,66.7,285.0,8
TR_01166,Кристина,56.3,507.4,11
TR_01167,Анна,68.8,437.8,14
TR_01168,Анна,65.0,419.9,10
TR_01169,Кристина,71.6,248.2,17
TR_01170,Дмитрий,78.2,410.0,10
TR_01171,Сергей,55.6,337.7,19
TR_01172,Кристина,69.2,512.7,7
TR_01173,Павел,42.1,269.8,19
TR_01174,Алексей,20.2,216.7,6
TR_01175,Елена,43.4,319.4,9
TR_01176,Павел,83.0,354.6,19
TR_01177,Мария,68.0,440.0,13
TR_01178,Кристина,76.2,179.3,8
TR_01179,Иван,41.7,565.5,22
TR_01180,Иван,54.8,239.7,17
TR_01181,Сергей,69.5,369.4,16
TR_01182,Ольга,40.2,327.4,12
TR_01183,Сергей,42.1,226.7,13
TR_01184,Елена,56.9,582.2,17
TR_01185,Анна,59.2,323.2,14
TR_01186,Алексей,75.7,622.6,22
TR_01187,Дмитрий,89.4,412.9,15
TR_01188,Алексей,82.4,551.5,22
TR_01189,Елена,79.4,397.4,9
TR_01190,Анна,49.7,331.7,21
TR_01191,Алексей,52.7,465.0,12
TR_01192,Дмитрий,11.2,181.8,16
TR_01193,Алексей,66.7,384.2,14
TR_01194,Елена,41.6,503.8,19
TR_01195,Кристина,56.5,543.0,8
TR_01196,Дмитрий,63.5,338.1,19
TR_01197,Сергей,76.3,382.8,16
TR_01198,Кристина,93.6,358.5,13
TR_01199,Дмитрий,44.8,286.3,21
TR_01200,Алексей,10.1,332.6,14
TR_01201,Сергей,4.5,383.0,14
TR_01202,Иван,70.5,343.8,7
TR_01203,Анна,52.1,460.6,13
TR_01204,Павел,62.3,388.2,9
TR_01205,Алексей,212.2,489.5,21
TR_01206,Елена,36.3,509.2,6
TR_01207,Сергей,44.2,430.4,19
TR_01208,Елена,81.5,448.4,15
TR_01209,Алексей,6.0,497.9,18
TR_01210,Кристина,58.8,285.6,12
TR_01211,Павел,73.6,384.6,14
TR_01212,Ольга,43.1,376.4,14
TR_01213,Алексей,63.7,332.1,7
TR_01214,Мария,22.4,378.7,8
TR_01215,Иван,65.3,427.8,15
TR_01216,Павел,64.3,341.4,21
TR_01217,Анна,65.1,317.3,8
TR_01218,Иван,52.2,317.5,19
TR_01219,Алексей,58.9,259.6,13
TR_01220,Сергей,76.9,407.9,21
TR_01221,Дмитрий,76.3,549.1,14
TR_01222,Елена,179.4,316.6,21
TR_01223,Анна,45.4,360.1,6
TR_01224,Кристина,38.9,398.3,12
TR_01225,Елена,73.6,543.0,6
TR_01226,Елена,59.7,314.2,18
TR_01227,Елена,37.2,338.6,7
TR_01228,Кристина,55.4,435.0,10
TR_01229,Ольга,76.3,290.8,15
TR_01230,Павел,57.3,384.3,14
TR_01231,Анна,66.6,313.8,19
TR_01232,Павел,39.0,372.4,22
TR_01233,Анна,70.9,251.3,17
TR_01234,Павел,45.2,239.1,13
TR_01235,Кристина,54.3,263.0,9
TR_01236,Сергей,37.7,384.3,7
TR_01237,Ольга,88.5,415.5,17
TR_01238,Алексей,6.5,487.4,14
TR_01239,Дмитрий,63.0,293.8,14
TR_01240,Елена,7.7,504.6,9
TR_01241,Мария,45.7,683.3,9
TR_01242,Алексей,57.6,518.5,12
TR_01243,Кристина,64.2,394.1,20
TR_01244,Дмитрий,71.9,514.1,11
TR_01245,Анна,48.1,428.0,20
TR_01246,Елена,64.7,466.4,19
TR_01247,Мария,53.1,386.8,8
TR_01248,Ольга,41.0,493.5,12
TR_01249,Ольга,30.7,263.2,22
TR_01250,Иван,72.0,444.1,19
TR_01251,Иван,73.4,351.8,22
TR_01252,Дмитрий,42.1,327.6,15
TR_01253,Кристина,69.7,338.6,10
TR_01254,Алексей,74.2,298.6,20
TR_01255,Дмитрий,58.2,466.6,9
TR_01256,Алексей,45.6,315.7,21
TR_01257,Павел,34.8,501.3,19
TR_01258,Сергей,65.7,336.6,22
TR_01259,Алексей,30.0,370.0,20
TR_01260,Алексей,64.8,382.3,13
TR_01261,Кристина,69.3,340.2,10
TR_01262,Сергей,59.2,384.9,22
TR_01263,Дмитрий,42.9,398.9,19
TR_01264,Иван,50.2,400.2,16
TR_01265,Мария,44.0,485.7,22
TR_01266,Ольга,80.0,246.0,16
TR_01267,Сергей,47.9,429.3,21
TR_01268,Мария,59.0,248.6,19
TR_01269,Анна,71.6,309.7,7
TR_01270,Дмитрий,71.7,293.7,15
TR_01271,Елена,54.1,416.3,6
TR_01272,Ольга,14.9,310.4,10
TR_01273,Иван,68.4,448.7,11
TR_01274,Анна,88.4,344.1,15
TR_01275,Ольга,58.1,348.6,18
TR_01276,Алексей,71.1,416.9,6
TR_01277,Иван,58.6,243.9,19
TR_01278,Дмитрий,39.9,273.3,13
TR_01279,Кристина,56.5,435.2,11
TR_01280,Павел,28.6,327.2,21
TR_01281,Павел,57.5,414.4,7
TR_01282,Алексей,54.9,273.3,21
TR_01283,Кристина,56.8,299.8,22
TR_01284,Кристина,55.0,545.9,7
TR_01285,Кристина,73.4,469.4,8
TR_01286,Елена,41.3,406.1,21
TR_01287,Мария,10.4,540.6,12
TR_01288,Сергей,51.0,431.8,18
TR_01289,Елена,57.9,446.3,21
TR_01290,Дмитрий,47.2,433.3,14
TR_01291,Кристина,55.6,348.1,17
TR_01292,Мария,82.8,516.4,11
TR_01293,Анна,57.4,436.9,19
TR_01294,Дмитрий,49.3,392.4,22
TR_01295,Павел,77.4,373.9,10
TR_01296,Кристина,32.6,537.3,16
TR_01297,Елена,52.4,429.9,9
TR_01298,Иван,74.1,551.1,13
TR_01299,Сергей,89.6,291.0,12
TR_01300,Алексей,8.9,350.8,9
TR_01301,Кристина,76.8,351.9,22
TR_01302,Ольга,5.6,267.3,11
TR_01303,Павел,80.2,469.1,14
TR_01304,Павел,70.8,422.6,6
TR_01305,Павел,57.5,407.3,15
TR_01306,Кристина,199.0,648.6,12
TR_01307,Мария,60.6,427.0,21
TR_01308,Елена,90.0,427.4,18
TR_01309,Алексей,32.3,452.2,19
TR_01310,Дмитрий,73.4,585.8,12
TR_01311,Ольга,75.9,456.8,12
TR_01312,Мария,64.8,528.0,14
TR_01313,Елена,58.3,582.9,18
TR_01314,Ольга,40.1,328.0,21
TR_01315,Сергей,67.2,424.9,12
TR_01316,Сергей,55.8,384.2,20
TR_01317,Алексей,72.5,446.2,15
TR_01318,Сергей,97.4,541.9,11
TR_01319,Мария,76.7,352.3,22
TR_01320,Мария,8.6,223.0,14
TR_01321,Ольга,70.9,482.3,16
TR_01322,Елена,57.9,488.7,14
TR_01323,Иван,40.0,424.5,13
TR_01324,Павел,52.7,492.8,19
TR_01325,Дмитрий,66.4,353.2,12
TR_01326,Елена,44.6,257.7,18
TR_01327,Елена,66.5,390.8,20
TR_01328,Сергей,69.0,255.7,6
TR_01329,Ольга,90.6,478.8,12
TR_01330,Ольга,5.6,277.1,20
TR_01331,Сергей,37.4,566.6,11
TR_01332,Сергей,55.0,488.1,6
TR_01333,Елена,77.5,356.4,13
TR_01334,Елена,3.7,349.8,19
TR_01335,Иван,53.0,542.5,8
TR_01336,Алексей,58.2,356.7,21
TR_01337,Ольга,73.9,395.6,14
TR_01338,Павел,38.2,353.9,15
TR_01339,Елена,80.2,484.3,14
TR_01340,Сергей,4.4,489.2,11
TR_01341,Сергей,78.0,585.2,21
TR_01342,Дмитрий,54.5,465.3,22
TR_01343,Алексей,48.4,359.8,12
TR_01344,Дмитрий,85.3,387.4,11
TR_01345,Дмитрий,225.0,251.2,21
TR_01346,Дмитрий,73.5,516.9,14
TR_01347,Павел,84.0,497.8,11
TR_01348,Ольга,66.9,194.5,20
TR_01349,Елена,70.0,573.6,14
TR_01350,Дмитрий,42.1,510.9,15
TR_01351,Павел,41.7,374.1,7
TR_01352,Мария,92.2,387.0,14
TR_01353,Сергей,68.6,219.7,18
TR_01354,Сергей,180.7,329.7,18
TR_01355,Мария,85.6,142.5,18
TR_01356,Мария,23.7,401.5,7
TR_01357,Кристина,40.1,393.3,21
TR_01358,Иван,65.9,348.2,18
TR_01359,Ольга,191.8,421.8,20
TR_01360,Елена,36.8,465.3,16
TR_01361,Дмитрий,205.5,476.8,18
TR_01362,Елена,65.4,294.4,21
TR_01363,Сергей,67.1,494.9,15
TR_01364,Дмитрий,76.3,308.2,13
TR_01365,Анна,53.8,483.4,19
TR_01366,Павел,53.8,372.0,22
TR_01367,Анна,27.8,331.7,22
TR_01368,Дмитрий,75.4,492.3,16
TR_01369,Алексей,71.9,313.0,17
TR_01370,Дмитрий,49.8,696.5,11
TR_01371,Кристина,72.1,425.0,7
TR_01372,Ольга,45.4,232.6,11
TR_01373,Сергей,29.1,489.2,18
TR_01374,Ольга,84.7,421.1,21
TR_01375,Павел,30.7,667.4,17
TR_01376,Павел,75.1,506.9,9
TR_01377,Ольга,77.6,349.0,17
TR_01378,Кристина,56.2,387.6,20
TR_01379,Кристина,52.4,226.7,10
TR_01380,Кристина,47.3,451.6,16
TR_01381,Мария,44.8,513.6,21
TR_01382,Дмитрий,51.0,389.5,11
TR_01383,Иван,59.0,474.3,13
TR_01384,Ольга,47.4,523.6,9
TR_01385,Сергей,66.4,400.9,18
TR_01386,Иван,92.7,353.2,21
TR_01387,Дмитрий,61.8,440.7,19
TR_01388,Сергей,83.0,316.8,19
TR_01389,Кристина,71.8,506.9,7
TR_01390,Алексей,39.2,315.0,19
TR_01391,Алексей,77.4,465.4,15
TR_01392,Алексей,50.8,485.5,16
TR_01393,Анна,85.7,375.3,19
TR_01394,Анна,29.0,359.5,12
TR_01395,Дмитрий,54.8,212.9,21
TR_01396,Павел,65.5,487.9,20
TR_01397,Ольга,74.1,413.6,19
TR_01398,Кристина,57.4,666.1,20
TR_01399,Иван,82.0,508.7,22
TR_01400,Дмитрий,67.7,338.9,8
TR_01401,Кристина,69.1,407.4,8
TR_01402,Елена,105.4,357.0,15
TR_01403,Павел,64.0,377.4,17
TR_01404,Павел,68.1,453.6,8
TR_01405,Алексей,68.6,335.4,21
TR_01406,Ольга,44.9,493.4,16
TR_01407,Анна,62.8,398.9,22
TR_01408,Кристина,49.6,553.8,18
TR_01409,Кристина,62.3,370.2,14
TR_01410,Мария,79.1,444.1,16
TR_01411,Елена,57.0,431.9,15
TR_01412,Елена,49.9,382.6,10
TR_01413,Сергей,56.5,414.5,12
TR_01414,Мария,68.1,478.9,15
TR_01415,Иван,79.7,473.3,19
TR_01416,Дмитрий,78.4,410.6,15
TR_01417,Алексей,11.2,277.8,22
TR_01418,Мария,61.8,569.4,6
TR_01419,Алексей,43.8,438.9,15
TR_01420,Анна,61.6,475.2,8
TR_01421,Сергей,66.6,294.6,19
TR_01422,Кристина,50.5,307.0,6
TR_01423,Павел,7.1,360.0,12
TR_01424,Дмитрий,67.9,521.8,20
TR_01425,Ольга,62.6,464.2,14
TR_01426,Иван,79.6,345.6,13
TR_01427,Кристина,74.7,544.3,20
TR_01428,Мария,151.4,497.5,11
TR_01429,Елена,54.3,391.4,6
TR_01430,Иван,36.2,432.4,9
TR_01431,Елена,83.4,208.1,10
TR_01432,Мария,55.0,462.0,10
TR_01433,Кристина,46.5,435.7,10
TR_01434,Алексей,39.3,256.5,7
TR_01435,Кристина,49.8,439.3,16
TR_01436,Анна,72.2,590.8,15
TR_01437,Дмитрий,29.7,513.3,11
TR_01438,Иван,100.2,275.9,22
TR_01439,Сергей,66.3,398.9,22
TR_01440,Иван,41.8,233.5,11
TR_01441,Анна,41.9,215.5,6
TR_01442,Мария,80.2,122.2,20
TR_01443,Алексей,42.5,277.3,11
TR_01444,Иван,14.3,416.3,6
TR_01445,Павел,30.3,575.8,20
TR_01446,Кристина,60.7,369.0,18
TR_01447,Сергей,71.7,422.3,14
TR_01448,Ольга,73.2,415.5,10
TR_01449,Елена,75.3,291.2,21
TR_01450,Дмитрий,59.3,568.4,8
TR_01451,Анна,74.8,470.2,8
TR_01452,Ольга,68.9,509.0,17
TR_01453,Сергей,87.0,488.3,21
TR_01454,Дмитрий,49.9,501.1,6
TR_01455,Алексей,54.6,524.5,6
TR_01456,Дмитрий,226.7,730.4,19
TR_01457,Дмитрий,53.4,432.5,8
TR_01458,Ольга,80.9,480.9,18
TR_01459,Мария,53.9,337.3,7
TR_01460,Сергей,76.7,512.6,12
TR_01461,Елена,44.4,540.8,7
TR_01462,Дмитрий,19.6,341.1,20
TR_01463,Иван,81.1,492.1,14
TR_01464,Дмитрий,47.0,274.7,13
TR_01465,Елена,62.0,550.6,14
TR_01466,Елена,76.8,414.0,19
TR_01467,Сергей,35.2,372.0,16
TR_01468,Анна,68.6,355.1,19
TR_01469,Ольга,48.2,353.2,22
TR_01470,Мария,70.6,457.2,15
TR_01471,Елена,79.8,442.1,15
TR_01472,Анна,38.6,292.8,8
TR_01473,Мария,53.0,295.5,21
TR_01474,Мария,90.5,506.0,20
TR_01475,Павел,64.7,436.4,6
TR_01476,Алексей,40.7,681.6,13
TR_01477,Мария,52.4,332.2,13
TR_01478,Павел,47.5,390.2,7
TR_01479,Иван,44.4,246.5,7
TR_01480,Сергей,42.1,368.4,8
TR_01481,Ольга,55.7,418.6,20
TR_01482,Павел,39.2,225.1,11
TR_01483,Ольга,56.9,376.9,22
TR_01484,Павел,189.5,485.2,16
TR_01485,Анна,58.6,514.6,15
TR_01486,Сергей,73.7,339.0,18
TR_01487,Елена,33.8,321.9,15
TR_01488,Мария,88.6,377.9,19
TR_01489,Елена,57.8,297.0,17
TR_01490,Сергей,58.2,392.8,9
TR_01491,Дмитрий,65.2,267.3,6
TR_01492,Ольга,54.3,342.6,7
TR_01493,Алексей,102.3,511.0,20
TR_01494,Сергей,62.9,360.0,9
TR_01495,Елена,35.0,714.5,12
TR_01496,Сергей,83.8,530.6,16
TR_01497,Елена,51.6,571.6,16
TR_01498,Кристина,64.2,403.6,7
TR_01499,Сергей,65.5,503.8,11
TR_01500,Дмитрий,71.6,423.9,19
TR_01501,Мария,70.5,494.0,14
TR_01502,Кристина,56.2,388.0,10
TR_01503,Анна,60.3,473.4,7
TR_01504,Анна,65.1,381.5,21
TR_01505,Иван,49.3,389.6,11
TR_01506,Иван,67.1,429.4,11
TR_01507,Павел,50.3,326.8,10
TR_01508,Елена,65.5,520.7,7
TR_01509,Алексей,67.9,455.3,19
TR_01510,Сергей,31.4,535.7,9
TR_01511,Елена,69.8,489.6,17
TR_01512,Анна,17.4,225.8,6
TR_01513,Анна,53.2,380.9,11
TR_01514,Ольга,64.2,334.1,21
TR_01515,Иван,50.4,194.3,15
TR_01516,Ольга,61.9,478.2,22
TR_01517,Ольга,20.4,336.5,20
TR_01518,Елена,59.5,327.8,17
TR_01519,Сергей,55.1,421.6,19
TR_01520,Алексей,40.7,566.7,12
TR_01521,Мария,68.9,334.7,16
TR_01522,Кристина,189.4,459.6,7
TR_01523,Дмитрий,60.5,501.1,21
TR_01524,Павел,47.3,393.1,19
TR_01525,Мария,50.5,573.9,15
TR_01526,Анна,23.6,549.2,12
TR_01527,Иван,79.4,458.2,16
TR_01528,Ольга,70.2,257.9,22
TR_01529,Ольга,82.8,425.9,11
TR_01530,Сергей,61.7,542.7,19
TR_01531,Кристина,63.1,448.4,16
TR_01532,Мария,50.7,363.8,21
TR_01533,Ольга,70.4,380.6,19
TR_01534,Иван,71.9,427.7,11
TR_01535,Елена,59.4,491.7,18
TR_01536,Ольга,9.1,215.4,13
TR_01537,Кристина,83.2,524.8,10
TR_01538,Иван,31.9,507.3,12
TR_01539,Анна,70.6,400.6,15
TR_01540,Алексей,75.1,565.0,13
TR_01541,Дмитрий,66.2,232.6,7
TR_01542,Мария,54.6,709.3,19
TR_01543,Дмитрий,83.7,445.1,14
TR_01544,Дмитрий,55.9,423.4,21
TR_01545,Анна,41.4,455.6,21
TR_01546,Кристина,153.5,332.7,7
TR_01547,Павел,59.9,331.2,11
TR_01548,Павел,40.2,305.2,6
TR_01549,Кристина,61.8,512.6,6
TR_01550,Кристина,57.7,328.6,19
TR_01551,Мария,69.8,472.1,11
TR_01552,Мария,58.8,469.6,16
TR_01553,Павел,54.0,141.9,9
TR_01554,Алексей,66.7,356.3,17
TR_01555,Елена,50.8,375.7,6
TR_01556,Мария,36.0,504.0,13
TR_01557,Дмитрий,47.1,393.9,16
TR_01558,Иван,62.0,481.2,19
TR_01559,Алексей,65.9,534.7,21
TR_01560,Павел,50.0,335.5,7
TR_01561,Анна,77.0,361.2,6
TR_01562,Павел,39.0,468.5,12
TR_01563,Елена,78.1,348.0,14
TR_01564,Сергей,71.0,357.7,11
TR_01565,Ольга,46.1,451.2,22
TR_01566,Сергей,54.7,344.3,8
TR_01567,Кристина,46.2,404.1,13
TR_01568,Сергей,81.4,420.2,14
TR_01569,Елена,51.2,560.7,6
TR_01570,Дмитрий,68.1,298.4,22
TR_01571,Елена,226.5,390.5,12
TR_01572,Сергей,169.4,341.0,10
TR_01573,Сергей,51.9,407.8,13
TR_01574,Елена,59.9,311.0,22
TR_01575,Дмитрий,63.5,522.4,7
TR_01576,Ольга,65.1,352.4,6
TR_01577,Мария,48.7,428.3,11
TR_01578,Кристина,75.4,480.2,13
TR_01579,Елена,39.2,372.8,13
TR_01580,Елена,79.3,450.3,12
TR_01581,Ольга,69.0,434.3,10
TR_01582,Ольга,62.0,276.0,11
TR_01583,Елена,63.6,314.1,20
TR_01584,Мария,68.1,448.6,6
TR_01585,Елена,28.2,316.4,11
TR_01586,Иван,77.6,457.5,10
TR_01587,Кристина,75.9,345.8,22
TR_01588,Дмитрий,50.9,639.4,7
TR_01589,Дмитрий,63.0,476.9,18
TR_01590,Мария,75.8,344.2,15
TR_01591,Кристина,68.7,465.8,16
TR_01592,Иван,54.6,501.7,21
TR_01593,Дмитрий,138.0,488.4,19
TR_01594,Ольга,30.7,425.6,6
TR_01595,Елена,51.0,326.1,19
TR_01596,Павел,75.7,635.2,10
TR_01597,Дмитрий,74.5,385.1,11
TR_01598,Мария,56.5,269.3,7
TR_01599,Павел,79.4,467.2,9
TR_01600,Мария,7.5,529.6,17
TR_01601,Иван,85.1,466.5,14
TR_01602,Сергей,69.6,377.5,12
TR_01603,Ольга,53.4,464.4,7
TR_01604,Сергей,50.1,374.0,22
TR_01605,Анна,56.9,366.5,22
TR_01606,Сергей,60.5,473.3,20
TR_01607,Ольга,179.8,353.9,8
TR_01608,Елена,45.9,506.1,11
TR_01609,Павел,88.5,344.1,15
TR_01610,Анна,56.2,362.1,16
TR_01611,Павел,55.0,477.9,14
TR_01612,Иван,38.6,275.8,6
TR_01613,Елена,55.1,617.1,16
TR_01614,Анна,51.2,413.1,21
TR_01615,Мария,231.7,341.8,18
TR_01616,Иван,56.0,486.7,19
TR_01617,Кристина,43.6,533.6,18
TR_01618,Ольга,167.4,384.7,8
TR_01619,Кристина,53.9,216.5,19
TR_01620,Иван,74.0,231.8,18
TR_01621,Дмитрий,71.1,503.1,13
TR_01622,Кристина,63.2,511.7,12
TR_01623,Елена,42.0,242.8,15
TR_01624,Елена,62.4,406.4,8
TR_01625,Сергей,56.2,258.1,17
TR_01626,Кристина,45.3,307.8,9
TR_01627,Иван,69.3,329.5,11
TR_01628,Сергей,51.6,543.0,21
TR_01629,Кристина,65.9,492.6,19
TR_01630,Мария,55.7,255.6,20
TR_01631,Алексей,58.7,476.3,7
TR_01632,Алексей,70.2,557.9,9
TR_01633,Иван,52.8,560.4,18
TR_01634,Ольга,218.5,393.9,12
TR_01635,Дмитрий,47.9,455.7,17
TR_01636,Алексей,39.0,368.3,14
TR_01637,Иван,73.9,453.4,18
TR_01638,Кристина,33.9,442.7,13
TR_01639,Елена,75.6,479.0,11
TR_01640,Дмитрий,55.7,284.9,13
TR_01641,Иван,77.1,498.3,14
TR_01642,Мария,12.0,352.2,8
TR_01643,Павел,59.5,391.4,21
TR_01644,Елена,64.3,562.5,21
TR_01645,Алексей,35.9,453.8,15
TR_01646,Мария,35.1,254.5,10
TR_01647,Сергей,46.1,264.6,12
TR_01648,Кристина,40.3,385.4,6
TR_01649,Мария,78.8,366.2,9
TR_01650,Алексей,86.8,264.6,21
TR_01651,Иван,64.9,458.5,17
TR_01652,Ольга,72.8,501.7,21
TR_01653,Павел,70.9,413.5,15
TR_01654,Мария,56.3,332.3,14
TR_01655,Павел,62.7,472.9,15
TR_01656,Кристина,68.2,287.1,9
TR_01657,Сергей,200.5,329.9,11
TR_01658,Мария,49.7,505.7,20
TR_01659,Кристина,86.2,427.6,10
TR_01660,Павел,80.8,450.1,16
TR_01661,Мария,44.1,446.1,14
TR_01662,Алексей,61.6,517.6,6
TR_01663,Ольга,70.1,512.7,22
TR_01664,Павел,47.8,303.8,7
TR_01665,Мария,75.5,541.7,22
TR_01666,Сергей,56.0,333.7,8
TR_01667,Ольга,59.7,518.1,13
TR_01668,Алексей,61.6,377.4,7
TR_01669,Дмитрий,46.6,452.1,18
TR_01670,Елена,59.6,388.5,15
TR_01671,Иван,64.0,337.3,17
TR_01672,Мария,40.3,425.9,13
TR_01673,Анна,48.8,526.3,13
TR_01674,Павел,30.2,532.4,15
TR_01675,Ольга,43.9,264.7,12
TR_01676,Павел,83.5,428.3,19
TR_01677,Павел,56.3,447.4,8
TR_01678,Дмитрий,78.7,423.5,11
TR_01679,Мария,64.5,463.6,11
TR_01680,Сергей,71.7,574.0,6
TR_01681,Дмитрий,76.4,236.3,20
TR_01682,Елена,68.1,405.4,16
TR_01683,Ольга,65.6,482.1,12
TR_01684,Иван,59.2,610.7,22
TR_01685,Кристина,62.0,273.4,9
TR_01686,Кристина,60.5,420.0,10
TR_01687,Иван,65.4,248.5,20
TR_01688,Мария,52.6,331.3,17
TR_01689,Иван,38.2,470.7,10
TR_01690,Сергей,42.8,386.2,10
TR_01691,Елена,34.7,517.8,14
TR_01692,Елена,45.9,347.1,14
TR_01693,Ольга,55.1,540.3,14
TR_01694,Ольга,69.7,298.9,8
TR_01695,Мария,58.6,314.7,18
TR_01696,Иван,58.4,318.0,16
TR_01697,Мария,72.7,493.4,20
TR_01698,Сергей,57.1,497.3,8
TR_01699,Кристина,54.5,532.6,20
TR_01700,Дмитрий,52.1,334.1,16
TR_01701,Ольга,59.7,281.7,11
TR_01702,Елена,85.8,460.6,10
TR_01703,Павел,45.4,465.3,17
TR_01704,Анна,63.7,279.7,22
TR_01705,Кристина,211.1,490.1,22
TR_01706,Кристина,37.2,461.2,20
TR_01707,Дмитрий,80.7,507.3,22
TR_01708,Мария,3.6,364.4,11
TR_01709,Ольга,40.2,316.9,10
TR_01710,Елена,49.3,307.4,13
TR_01711,Алексей,59.1,242.2,16
TR_01712,Алексей,55.8,303.7,9
TR_01713,Дмитрий,58.4,400.0,17
TR_01714,Дмитрий,13.8,463.2,19
TR_01715,Алексей,62.3,204.6,20
TR_01716,Дмитрий,62.3,325.6,6
TR_01717,Ольга,49.1,464.4,21
TR_01718,Кристина,64.4,469.0,16
TR_01719,Елена,67.4,372.6,7
TR_01720,Иван,90.4,525.6,8
TR_01721,Ольга,38.5,455.7,15
TR_01722,Ольга,33.7,391.5,17
TR_01723,Елена,78.1,334.6,11
TR_01724,Кристина,54.0,480.9,21
TR_01725,Алексей,65.8,336.4,13
TR_01726,Ольга,60.8,434.3,21
TR_01727,Анна,66.0,439.2,22
TR_01728,Анна,58.2,347.9,15
TR_01729,Дмитрий,57.8,316.4,7
TR_01730,Алексей,50.2,451.0,18
TR_01731,Алексей,64.4,445.3,8
TR_01732,Павел,75.6,268.8,20
TR_01733,Сергей,85.5,477.1,17
TR_01734,Павел,57.2,300.6,21
TR_01735,Елена,84.1,239.5,7
TR_01736,Анна,74.9,484.5,18
TR_01737,Павел,140.1,437.9,13
TR_01738,Мария,60.6,290.1,22
TR_01739,Елена,4.3,304.4,21
TR_01740,Ольга,85.3,455.9,18
TR_01741,Павел,55.2,478.5,16
TR_01742,Алексей,47.6,538.2,20
TR_01743,Павел,58.2,492.7,8
TR_01744,Анна,64.5,396.6,13
TR_01745,Сергей,166.8,307.9,18
TR_01746,Алексей,87.3,358.0,9
TR_01747,Дмитрий,72.3,365.0,10
TR_01748,Кристина,43.5,619.7,15
TR_01749,Мария,43.2,435.8,9
TR_01750,Павел,48.6,209.8,14
TR_01751,Елена,70.1,263.2,10
TR_01752,Ольга,57.6,477.7,18
TR_01753,Ольга,59.8,267.5,21
TR_01754,Павел,40.5,354.9,21
TR_01755,Дмитрий,62.5,396.9,13
TR_01756,Сергей,51.0,340.4,15
TR_01757,Алексей,50.0,244.9,11
TR_01758,Павел,82.8,344.1,20
TR_01759,Павел,25.9,555.5,16
TR_01760,Ольга,56.2,332.9,10
TR_01761,Елена,67.0,471.6,9
TR_01762,Дмитрий,78.8,417.4,7
TR_01763,Дмитрий,41.6,390.3,15
TR_01764,Елена,68.3,140.9,18
TR_01765,Анна,15.3,307.5,22
TR_01766,Сергей,19.7,435.8,11
TR_01767,Иван,55.7,454.1,20
TR_01768,Мария,53.2,382.9,16
TR_01769,Кристина,51.8,563.6,20
TR_01770,Дмитрий,46.3,423.3,7
TR_01771,Ольга,60.7,310.7,15
TR_01772,Анна,62.6,432.3,19
TR_01773,Сергей,38.7,438.4,13
TR_01774,Ольга,45.7,307.6,22
TR_01775,Мария,73.9,386.6,7
TR_01776,Елена,31.3,548.8,7
TR_01777,Павел,52.2,375.8,7
TR_01778,Алексей,42.8,286.9,20
TR_01779,Павел,62.5,431.8,17
TR_01780,Мария,81.6,423.8,9
TR_01781,Ольга,70.5,390.4,20
TR_01782,Кристина,66.1,545.9,20
TR_01783,Иван,63.2,437.0,20
TR_01784,Анна,42.9,454.7,13
TR_01785,Ольга,51.0,598.3,10
TR_01786,Мария,53.7,484.3,6
TR_01787,Елена,50.9,329.9,20
TR_01788,Елена,74.6,283.8,8
TR_01789,Мария,51.9,377.3,22
TR_01790,Ольга,191.0,321.1,22
TR_01791,Елена,66.4,201.3,13
TR_01792,Алексей,68.6,367.4,16
TR_01793,Ольга,72.0,598.2,12
TR_01794,Павел,42.7,380.5,20
TR_01795,Кристина,54.2,429.7,13
TR_01796,Ольга,74.6,320.5,18
TR_01797,Ольга,16.5,312.0,14
TR_01798,Мария,66.8,269.8,20
TR_01799,Кристина,35.9,408.0,10
TR_01800,Алексей,52.2,368.8,22
TR_01801,Мария,79.0,583.7,12
TR_01802,Ольга,63.8,308.7,21
TR_01803,Дмитрий,66.2,371.2,15
TR_01804,Анна,75.0,436.8,11
TR_01805,Сергей,76.5,550.7,8
TR_01806,Мария,38.1,410.1,7
TR_01807,Павел,78.9,218.1,13
TR_01808,Павел,207.3,498.2,21
TR_01809,Сергей,62.5,286.5,13
TR_01810,Анна,66.8,353.7,8
TR_01811,Сергей,44.2,310.0,16
TR_01812,Ольга,37.0,434.3,8
TR_01813,Кристина,71.9,427.9,12
TR_01814,Кристина,76.8,272.9,7
TR_01815,Анна,68.2,451.3,16
TR_01816,Дмитрий,59.1,332.0,9
TR_01817,Дмитрий,68.5,386.1,20
TR_01818,Павел,141.5,322.3,10
TR_01819,Сергей,65.1,421.4,7
TR_01820,Дмитрий,78.5,325.9,13
TR_01821,Кристина,52.7,470.9,6
TR_01822,Дмитрий,84.7,396.5,14
TR_01823,Павел,48.0,408.7,22
TR_01824,Елена,56.4,295.8,17
TR_01825,Павел,55.0,528.3,22
TR_01826,Иван,46.7,530.5,22
TR_01827,Сергей,77.8,400.7,8
TR_01828,Алексей,71.3,146.4,11
TR_01829,Кристина,34.8,454.1,15
TR_01830,Мария,41.4,583.9,15
TR_01831,Елена,82.7,459.3,16
TR_01832,Иван,47.0,411.4,12
TR_01833,Алексей,33.8,357.2,15
TR_01834,Анна,38.7,461.7,11
TR_01835,Кристина,59.9,352.2,17
TR_01836,Елена,47.1,261.4,15
TR_01837,Мария,48.6,230.1,6
TR_01838,Елена,31.0,334.9,7
TR_01839,Алексей,61.1,416.4,20
TR_01840,Алексей,145.4,401.3,16
TR_01841,Сергей,68.6,420.7,14
TR_01842,Сергей,70.2,418.7,22
TR_01843,Павел,45.3,309.0,7
TR_01844,Анна,105.0,354.5,17
TR_01845,Иван,57.2,229.4,17
TR_01846,Елена,83.6,460.4,20
TR_01847,Ольга,31.2,534.7,19
TR_01848,Кристина,64.2,336.4,7
TR_01849,Иван,23.3,458.6,17
TR_01850,Кристина,11.6,419.9,6
TR_01851,Сергей,56.7,347.2,11
TR_01852,Елена,67.3,458.7,20
TR_01853,Ольга,44.8,245.3,6
TR_01854,Дмитрий,72.1,419.8,8
TR_01855,Ольга,165.3,241.4,14
TR_01856,Мария,43.9,458.4,19
TR_01857,Дмитрий,52.6,588.0,9
TR_01858,Ольга,53.9,400.5,12
TR_01859,Сергей,79.2,352.3,21
TR_01860,Павел,56.4,438.6,7
TR_01861,Дмитрий,58.2,276.6,15
TR_01862,Анна,82.2,462.5,8
TR_01863,Иван,69.8,474.6,15
TR_01864,Иван,45.6,393.4,13
TR_01865,Алексей,42.6,466.9,12
TR_01866,Сергей,63.4,329.4,16
TR_01867,Ольга,54.2,546.0,11
TR_01868,Кристина,90.0,431.7,13
TR_01869,Елена,85.3,315.9,10
TR_01870,Ольга,61.3,186.4,14
TR_01871,Алексей,70.8,325.8,10
TR_01872,Анна,60.6,481.3,19
TR_01873,Ольга,51.9,501.0,11
TR_01874,Анна,53.9,356.5,11
TR_01875,Кристина,217.4,532.2,6
TR_01876,Дмитрий,60.0,445.8,7
TR_01877,Сергей,81.8,269.3,16
TR_01878,Елена,73.3,400.6,20
TR_01879,Дмитрий,73.7,467.5,15
TR_01880,Мария,68.9,409.9,13
TR_01881,Елена,30.5,484.4,14
TR_01882,Иван,55.9,392.4,8
TR_01883,Анна,49.3,297.4,22
TR_01884,Павел,38.0,354.9,6
TR_01885,Анна,151.3,428.3,6
TR_01886,Елена,63.6,237.2,16
TR_01887,Кристина,53.0,420.7,19
TR_01888,Алексей,75.2,341.0,15
TR_01889,Ольга,52.0,334.0,12
TR_01890,Алексей,75.9,332.1,11
TR_01891,Сергей,135.2,235.4,17
TR_01892,Сергей,45.3,317.5,11
TR_01893,Ольга,47.2,512.5,12
TR_01894,Сергей,9.2,482.9,22
TR_01895,Дмитрий,71.1,416.5,16
TR_01896,Алексей,9.3,434.1,10
TR_01897,Мария,56.0,565.9,14
TR_01898,Алексей,53.2,393.3,8
TR_01899,Елена,75.5,374.7,16
TR_01900,Алексей,64.7,698.4,12
TR_01901,Сергей,58.0,392.4,7
TR_01902,Иван,52.4,393.6,17
TR_01903,Павел,69.7,291.2,9
TR_01904,Кристина,70.2,456.0,17
TR_01905,Сергей,60.7,530.2,17
TR_01906,Иван,67.7,361.8,16
TR_01907,Елена,47.2,366.5,17
TR_01908,Ольга,70.9,431.5,6
TR_01909,Павел,47.7,463.4,20
TR_01910,Ольга,72.1,352.4,10
TR_01911,Кристина,53.0,419.7,8
TR_01912,Павел,77.4,391.9,14
TR_01913,Ольга,72.7,354.3,18
TR_01914,Кристина,45.2,439.0,20
TR_01915,Дмитрий,69.4,399.0,10
TR_01916,Елена,195.7,107.7,22
TR_01917,Анна,64.9,606.3,10
TR_01918,Алексей,47.1,311.6,7
TR_01919,Сергей,6.3,600.7,17
TR_01920,Ольга,83.1,302.9,10
TR_01921,Мария,85.0,473.2,16
TR_01922,Павел,69.5,146.3,15
TR_01923,Павел,63.7,243.3,7
TR_01924,Дмитрий,59.5,347.0,19
TR_01925,Кристина,43.6,372.4,15
TR_01926,Сергей,53.0,554.7,22
TR_01927,Ольга,55.4,419.3,10
TR_01928,Мария,61.4,245.3,11
TR_01929,Елена,56.5,357.0,10
TR_01930,Кристина,59.3,535.0,19
TR_01931,Павел,74.1,370.3,16
TR_01932,Алексей,76.6,428.2,15
TR_01933,Сергей,70.5,252.1,13
TR_01934,Дмитрий,66.6,271.1,16
TR_01935,Павел,132.1,332.0,21
TR_01936,Анна,69.9,577.1,7
TR_01937,Иван,53.7,294.1,13
TR_01938,Иван,78.2,361.5,10
TR_01939,Кристина,60.1,301.7,9
TR_01940,Мария,70.3,278.3,8
TR_01941,Кристина,65.1,400.9,7
TR_01942,Мария,70.8,589.4,7
TR_01943,Дмитрий,228.6,435.9,8
TR_01944,Кристина,55.6,439.7,11
TR_01945,Елена,70.4,387.2,7
TR_01946,Иван,61.2,376.5,12
TR_01947,Анна,66.3,362.7,14
TR_01948,Анна,56.3,299.0,20
TR_01949,Кристина,77.9,426.8,8
TR_01950,Иван,62.9,571.1,10
TR_01951,Анна,67.1,378.6,6
TR_01952,Павел,35.6,359.2,10
TR_01953,Сергей,39.6,353.3,22
TR_01954,Павел,79.5,356.1,7
TR_01955,Сергей,46.8,288.3,13
TR_01956,Алексей,56.0,331.7,14
TR_01957,Сергей,58.5,572.1,21
TR_01958,Сергей,105.8,260.8,12
TR_01959,Иван,50.4,395.6,20
TR_01960,Кристина,87.2,230.1,9
TR_01961,Алексей,73.6,305.1,6
TR_01962,Анна,68.5,419.4,7
TR_01963,Кристина,189.9,353.4,9
TR_01964,Павел,60.3,458.5,6
TR_01965,Анна,83.9,683.1,13
TR_01966,Анна,41.1,518.0,11
TR_01967,Елена,60.6,321.4,7
TR_01968,Анна,69.5,330.4,14
TR_01969,Анна,37.3,590.2,22
TR_01970,Сергей,77.2,252.6,12
TR_01971,Мария,55.1,464.8,11
TR_01972,Иван,67.0,471.4,22
TR_01973,Мария,22.6,264.2,6
TR_01974,Иван,39.7,283.3,6
TR_01975,Ольга,78.5,400.3,18
TR_01976,Павел,61.0,511.1,21
TR_01977,Дмитрий,33.7,666.4,15
TR_01978,Мария,75.9,468.6,12
TR_01979,Сергей,81.7,314.3,9
TR_01980,Елена,45.3,457.0,22
TR_01981,Павел,58.9,423.2,15
TR_01982,Дмитрий,35.1,364.0,10
TR_01983,Ольга,53.3,403.2,10
TR_01984,Кристина,59.0,549.4,18
TR_01985,Елена,48.6,417.7,8
TR_01986,Анна,51.6,291.8,15
TR_01987,Павел,63.1,381.0,13
TR_01988,Елена,73.0,227.3,16
TR_01989,Анна,75.4,487.5,6
TR_01990,Елена,71.6,268.8,18
TR_01991,Иван,187.6,201.7,9
TR_01992,Мария,29.1,327.9,6
TR_01993,Сергей,70.2,288.8,18
TR_01994,Ольга,65.2,499.8,20
TR_01995,Сергей,54.1,420.9,6
TR_01996,Ольга,38.3,459.8,20
TR_01997,Павел,50.3,489.9,9
TR_01998,Алексей,52.8,462.9,21
TR_01999,Сергей,71.5,372.0,14
TR_02000,Кристина,40.3,440.7,9
TR_02001,Иван,67.8,341.1,22
TR_02002,Иван,56.0,422.1,14
TR_02003,Елена,40.2,272.4,9
TR_02004,Ольга,9.8,397.2,6
TR_02005,Дмитрий,65.9,263.1,15
TR_02006,Кристина,54.4,341.3,15
TR_02007,Ольга,61.9,426.4,16
TR_02008,Дмитрий,54.4,170.3,19
TR_02009,Дмитрий,44.5,265.2,8
TR_02010,Анна,45.7,198.9,13
TR_02011,Павел,53.6,310.2,15
TR_02012,Павел,78.1,499.4,6
TR_02013,Алексей,60.5,420.9,19
TR_02014,Кристина,61.6,329.1,22
TR_02015,Алексей,61.4,346.3,12
TR_02016,Дмитрий,5.5,455.1,16
TR_02017,Павел,35.8,385.9,14
TR_02018,Ольга,54.8,406.1,20
TR_02019,Павел,51.1,422.4,21
TR_02020,Елена,64.4,508.9,13
TR_02021,Дмитрий,74.6,292.6,20
TR_02022,Алексей,42.4,445.6,10
TR_02023,Иван,48.0,395.3,15
TR_02024,Анна,50.6,272.5,16
TR_02025,Павел,37.2,372.5,17
TR_02026,Иван,33.1,367.2,20
TR_02027,Алексей,83.9,371.2,12
TR_02028,Алексей,61.2,434.1,11
TR_02029,Ольга,53.1,393.3,17
TR_02030,Сергей,50.7,604.1,11
TR_02031,Дмитрий,5.9,468.6,18
TR_02032,Кристина,71.7,427.5,14
TR_02033,Кристина,8.5,363.4,11
TR_02034,Павел,60.0,323.7,16
TR_02035,Мария,3.5,402.9,17
TR_02036,Ольга,60.7,443.3,19
TR_02037,Дмитрий,69.7,413.0,15
TR_02038,Ольга,41.9,325.2,16
TR_02039,Кристина,60.7,605.5,13
TR_02040,Алексей,41.3,441.4,9
TR_02041,Павел,91.4,268.1,20
TR_02042,Алексей,53.0,332.3,10
TR_02043,Иван,67.8,442.3,6
TR_02044,Иван,4.6,415.4,16
TR_02045,Мария,50.8,408.4,9
TR_02046,Анна,173.4,335.9,9
TR_02047,Кристина,59.9,365.5,17
TR_02048,Иван,92.2,269.9,13
TR_02049,Елена,73.2,459.6,10
TR_02050,Павел,59.1,483.0,9
TR_02051,Сергей,160.3,279.9,17
TR_02052,Ольга,80.4,396.9,10
TR_02053,Елена,38.9,469.6,21
TR_02054,Кристина,63.3,443.9,15
TR_02055,Ольга,53.7,488.6,21
TR_02056,Дмитрий,93.2,424.0,10
TR_02057,Иван,51.5,273.6,10
TR_02058,Сергей,11.8,525.8,8
TR_02059,Кристина,40.6,612.8,10
TR_02060,Елена,56.8,304.6,13
TR_02061,Ольга,22.9,432.8,9
TR_02062,Елена,67.2,354.3,17
TR_02063,Иван,60.0,515.9,8
TR_02064,Елена,66.8,369.1,17
TR_02065,Алексей,65.6,443.9,19
TR_02066,Алексей,86.5,325.0,16
TR_02067,Ольга,139.2,487.5,11
TR_02068,Мария,91.8,300.3,7
TR_02069,Дмитрий,63.5,287.1,20
TR_02070,Павел,227.4,591.0,15
TR_02071,Сергей,86.2,348.6,10
TR_02072,Дмитрий,47.9,279.6,13
TR_02073,Алексей,75.9,289.9,16
TR_02074,Елена,85.0,422.7,15
TR_02075,Кристина,78.7,410.9,6
TR_02076,Ольга,51.2,507.5,21
TR_02077,Павел,48.1,496.2,12
TR_02078,Ольга,55.7,585.3,10
TR_02079,Сергей,147.2,592.0,20
TR_02080,Кристина,61.9,291.6,13
TR_02081,Мария,84.8,399.1,13
TR_02082,Дмитрий,83.2,360.6,17
TR_02083,Мария,9.6,402.6,12
TR_02084,Кристина,65.9,418.2,15
TR_02085,Елена,80.9,515.3,8
TR_02086,Дмитрий,67.8,586.9,8
TR_02087,Кристина,49.5,223.1,9
TR_02088,Елена,63.2,492.1,20
TR_02089,Иван,56.8,555.2,22
TR_02090,Сергей,37.8,516.9,8
TR_02091,Елена,60.3,327.2,21
TR_02092,Мария,39.3,274.2,19
TR_02093,Павел,71.5,503.3,7
TR_02094,Павел,49.0,109.2,20
TR_02095,Алексей,40.1,298.8,15
TR_02096,Алексей,49.3,418.1,12
TR_02097,Кристина,34.6,474.3,17
TR_02098,Дмитрий,147.1,514.7,16
TR_02099,Мария,66.4,425.2,18
TR_02100,Елена,44.2,314.0,6
TR_02101,Мария,54.1,409.3,22
TR_02102,Мария,56.7,507.1,20
TR_02103,Елена,79.6,483.0,12
TR_02104,Иван,42.5,274.7,9
TR_02105,Сергей,64.4,279.7,13
TR_02106,Павел,53.0,334.4,15
TR_02107,Сергей,59.5,492.2,9
TR_02108,Алексей,54.8,280.1,19
TR_02109,Сергей,61.9,315.8,15
TR_02110,Иван,197.5,314.7,18
TR_02111,Алексей,9.2,207.2,13
TR_02112,Кристина,63.9,536.0,8
TR_02113,Ольга,73.1,227.3,19
TR_02114,Павел,59.6,386.3,9
TR_02115,Мария,66.5,267.4,17
TR_02116,Сергей,61.1,388.0,22
TR_02117,Павел,28.7,486.2,12
TR_02118,Ольга,67.6,306.6,18
TR_02119,Сергей,40.6,339.6,17
TR_02120,Анна,48.8,324.2,10
TR_02121,Иван,12.1,163.8,14
TR_02122,Иван,33.4,497.0,20
TR_02123,Кристина,52.4,379.6,8
TR_02124,Павел,84.9,237.4,11
TR_02125,Ольга,62.9,417.2,15
TR_02126,Павел,40.3,607.8,14
TR_02127,Павел,56.0,279.1,19
TR_02128,Елена,66.8,380.7,17
TR_02129,Сергей,58.4,336.2,20
TR_02130,Павел,78.8,537.6,22
TR_02131,Елена,49.4,482.5,7
TR_02132,Павел,92.4,298.4,21
TR_02133,Павел,90.2,411.4,10
TR_02134,Мария,46.4,294.9,16
TR_02135,Сергей,50.2,578.7,8
TR_02136,Елена,57.1,303.7,9
TR_02137,Сергей,74.6,332.9,17
TR_02138,Елена,87.2,206.3,13
TR_02139,Алексей,71.0,155.8,21
TR_02140,Иван,70.5,147.6,7
TR_02141,Павел,76.4,416.0,16
TR_02142,Мария,68.8,341.3,9
TR_02143,Павел,77.9,384.0,13
TR_02144,Дмитрий,58.8,335.1,14
TR_02145,Елена,62.2,197.5,18
TR_02146,Ольга,30.3,393.0,9
TR_02147,Сергей,75.0,371.6,12
TR_02148,Мария,74.1,474.3,12
TR_02149,Алексей,60.2,389.4,8
TR_02150,Павел,62.1,447.5,14
TR_02151,Кристина,78.5,458.2,18
TR_02152,Иван,63.9,557.0,13
TR_02153,Анна,64.3,394.9,21
TR_02154,Ольга,65.7,415.0,17
TR_02155,Елена,61.3,215.9,7
TR_02156,Мария,12.7,285.1,18
TR_02157,Мария,55.0,448.6,18
TR_02158,Дмитрий,53.7,415.6,16
TR_02159,Кристина,71.5,458.9,20
TR_02160,Иван,49.8,406.1,12
TR_02161,Дмитрий,60.9,245.5,17
TR_02162,Ольга,60.7,312.6,19
TR_02163,Павел,53.5,372.4,8
TR_02164,Елена,32.5,509.2,7
TR_02165,Мария,71.6,551.1,8
TR_02166,Ольга,60.4,448.0,20
TR_02167,Сергей,55.2,430.9,8
TR_02168,Павел,48.1,387.4,16
TR_02169,Кристина,65.0,303.5,11
TR_02170,Дмитрий,82.3,371.4,8
TR_02171,Мария,209.2,484.3,9
TR_02172,Ольга,73.8,381.9,9
TR_02173,Анна,57.3,304.4,11
TR_02174,Елена,52.2,318.5,13
TR_02175,Алексей,46.5,449.4,15
TR_02176,Сергей,79.1,209.6,6
TR_02177,Алексей,26.4,431.5,9
TR_02178,Мария,43.0,449.1,17
TR_02179,Дмитрий,49.7,382.6,22
TR_02180,Елена,60.0,372.7,15
TR_02181,Кристина,163.7,366.4,18
TR_02182,Мария,61.5,323.6,14
TR_02183,Алексей,41.4,270.0,17
TR_02184,Ольга,61.9,442.4,14
TR_02185,Иван,56.1,293.8,17
TR_02186,Ольга,68.6,386.7,19
TR_02187,Елена,213.5,385.6,11
TR_02188,Мария,63.6,331.2,21
TR_02189,Алексей,44.1,360.2,16
TR_02190,Елена,88.0,255.2,7
TR_02191,Мария,70.8,280.9,6
TR_02192,Сергей,74.8,412.1,15
TR_02193,Павел,27.3,440.3,20
TR_02194,Елена,70.6,526.4,21
TR_02195,Ольга,30.7,463.7,10
TR_02196,Мария,33.7,411.6,12
TR_02197,Иван,32.1,415.0,6
TR_02198,Мария,41.5,443.2,19
TR_02199,Сергей,54.9,385.9,21
TR_02200,Павел,72.1,427.5,21
TR_02201,Елена,74.9,317.6,7
TR_02202,Дмитрий,47.9,579.7,20
TR_02203,Дмитрий,61.9,258.9,15
TR_02204,Сергей,69.9,382.6,20
TR_02205,Дмитрий,178.0,533.0,7
TR_02206,Елена,34.4,204.1,10
TR_02207,Кристина,58.3,331.6,15
TR_02208,Сергей,74.4,426.7,12
TR_02209,Кристина,55.4,207.3,8
TR_02210,Елена,32.7,579.4,8
TR_02211,Иван,34.1,449.1,18
TR_02212,Елена,31.2,482.2,18
TR_02213,Елена,67.7,386.7,7
TR_02214,Павел,60.6,546.5,20
TR_02215,Павел,57.0,515.5,20
TR_02216,Мария,9.4,434.8,14
TR_02217,Анна,59.6,361.6,22
TR_02218,Анна,51.6,491.8,15
TR_02219,Кристина,49.8,468.9,22
TR_02220,Иван,65.7,464.5,21
TR_02221,Иван,76.3,413.2,16
TR_02222,Сергей,72.0,410.6,8
TR_02223,Ольга,61.9,227.8,7
TR_02224,Алексей,21.5,442.4,17
TR_02225,Павел,64.8,383.0,17
TR_02226,Анна,52.5,281.2,13
TR_02227,Иван,105.5,394.7,10
TR_02228,Дмитрий,47.7,328.7,22
TR_02229,Сергей,67.3,304.9,15
TR_02230,Анна,68.2,427.2,13
TR_02231,Алексей,102.3,406.0,20
TR_02232,Алексей,33.9,401.8,9
TR_02233,Алексей,44.6,291.1,17
TR_02234,Ольга,54.9,312.8,22
TR_02235,Павел,80.2,398.3,19
TR_02236,Иван,92.7,421.7,20
TR_02237,Мария,36.6,479.3,15
TR_02238,Алексей,32.1,323.9,22
TR_02239,Анна,79.5,589.2,21
TR_02240,Елена,61.8,380.5,19
TR_02241,Кристина,63.4,431.6,6
TR_02242,Сергей,81.0,466.1,20
TR_02243,Анна,69.1,437.2,6
TR_02244,Дмитрий,64.3,200.8,16
TR_02245,Анна,68.6,390.8,20
TR_02246,Кристина,51.3,307.3,9
TR_02247,Алексей,50.5,333.9,20
TR_02248,Сергей,58.1,455.9,21
TR_02249,Анна,58.9,300.1,17
TR_02250,Павел,35.9,374.2,15
TR_02251,Иван,160.1,402.7,11
TR_02252,Алексей,70.2,268.8,20
TR_02253,Кристина,85.8,380.0,21
TR_02254,Кристина,58.4,480.8,16
TR_02255,Анна,72.8,510.0,20
TR_02256,Кристина,65.1,396.1,14
TR_02257,Кристина,56.4,284.7,8
TR_02258,Дмитрий,70.2,395.1,8
TR_02259,Анна,210.3,365.9,14
TR_02260,Дмитрий,59.4,515.0,16
TR_02261,Алексей,36.6,367.7,15
TR_02262,Кристина,56.5,310.6,15
TR_02263,Ольга,98.7,459.4,17
TR_02264,Елена,48.9,205.7,13
TR_02265,Мария,49.5,577.7,8
TR_02266,Алексей,53.9,311.3,10
TR_02267,Елена,7.6,415.1,8
TR_02268,Сергей,69.7,568.4,17
TR_02269,Елена,64.8,351.4,12
TR_02270,Павел,74.6,189.6,7
TR_02271,Павел,74.7,510.5,17
TR_02272,Алексей,49.6,417.2,11
TR_02273,Кристина,67.2,361.5,8
TR_02274,Кристина,47.7,460.3,12
TR_02275,Сергей,43.3,139.9,18
TR_02276,Мария,69.6,335.0,20
TR_02277,Елена,48.3,389.7,17
TR_02278,Анна,59.5,495.8,12
TR_02279,Анна,40.7,402.5,9
TR_02280,Дмитрий,42.8,361.4,9
TR_02281,Мария,65.9,504.4,9
TR_02282,Сергей,48.8,354.9,20
TR_02283,Иван,53.5,290.8,17
TR_02284,Ольга,69.1,432.3,6
TR_02285,Павел,57.6,368.7,7
TR_02286,Ольга,33.2,297.5,7
TR_02287,Елена,95.2,425.4,6
TR_02288,Мария,37.6,357.8,15
TR_02289,Сергей,91.3,377.7,6
TR_02290,Алексей,79.1,426.8,6
TR_02291,Алексей,58.2,466.9,13
TR_02292,Елена,39.4,365.7,16
TR_02293,Иван,72.5,368.1,9
TR_02294,Мария,41.8,343.8,9
TR_02295,Сергей,65.6,581.9,20
TR_02296,Иван,55.4,457.0,12
TR_02297,Павел,63.1,453.5,17
TR_02298,Дмитрий,63.6,400.4,15
TR_02299,Елена,79.2,404.7,14
TR_02300,Ольга,70.1,346.8,12
TR_02301,Сергей,40.6,350.1,18
TR_02302,Кристина,69.2,248.7,22
TR_02303,Алексей,47.6,239.4,7
TR_02304,Сергей,43.2,421.4,9
TR_02305,Иван,150.7,312.0,19
TR_02306,Дмитрий,35.9,258.6,22
TR_02307,Елена,93.9,392.3,10
TR_02308,Сергей,75.7,414.7,8
TR_02309,Кристина,64.5,459.5,14
TR_02310,Анна,52.1,389.6,15
TR_02311,Дмитрий,75.1,165.4,12
TR_02312,Дмитрий,68.6,416.8,18
TR_02313,Ольга,63.3,307.7,20
TR_02314,Дмитрий,44.5,282.8,17
TR_02315,Иван,62.5,521.5,13
TR_02316,Алексей,74.7,486.0,12
TR_02317,Дмитрий,41.3,364.6,18
TR_02318,Мария,77.3,258.5,8
TR_02319,Павел,84.4,585.1,7
TR_02320,Ольга,78.6,283.3,16
TR_02321,Алексей,65.6,449.0,15
TR_02322,Алексей,65.5,515.2,14
TR_02323,Дмитрий,73.7,323.1,12
TR_02324,Кристина,69.6,379.8,20
TR_02325,Мария,60.1,427.1,13
TR_02326,Дмитрий,56.1,269.1,15
TR_02327,Иван,55.1,381.9,13
TR_02328,Иван,53.4,422.7,7
TR_02329,Иван,56.2,291.4,21
TR_02330,Сергей,47.0,367.7,10
TR_02331,Анна,57.6,576.3,8
TR_02332,Павел,55.5,374.1,17
TR_02333,Дмитрий,13.0,407.8,16
TR_02334,Дмитрий,86.4,338.9,21
TR_02335,Дмитрий,74.2,337.4,19
TR_02336,Павел,69.2,330.5,11
TR_02337,Анна,52.0,341.9,7
TR_02338,Анна,70.7,96.2,18
TR_02339,Кристина,61.8,352.0,8
TR_02340,Елена,81.3,381.7,10
TR_02341,Ольга,65.8,418.4,17
TR_02342,Сергей,64.7,584.8,9
TR_02343,Ольга,48.7,347.0,7
TR_02344,Анна,58.5,588.2,17
TR_02345,Сергей,90.6,545.7,10
TR_02346,Елена,41.7,448.9,16
TR_02347,Кристина,6.2,291.4,9
TR_02348,Мария,50.9,737.7,17
TR_02349,Кристина,65.7,443.1,11
TR_02350,Елена,56.0,529.8,15
TR_02351,Дмитрий,45.4,366.7,19
TR_02352,Иван,56.1,575.8,8
TR_02353,Мария,37.6,399.1,17
TR_02354,Елена,62.5,385.5,18
TR_02355,Мария,66.9,323.5,9
TR_02356,Сергей,55.0,489.7,14
TR_02357,Павел,76.9,502.5,7
TR_02358,Иван,80.2,339.1,7
TR_02359,Ольга,58.1,290.8,7
TR_02360,Анна,62.1,417.1,21
TR_02361,Алексей,46.4,379.1,22
TR_02362,Дмитрий,60.3,274.7,22
TR_02363,Кристина,55.5,370.5,6
TR_02364,Анна,65.1,675.6,20
TR_02365,Сергей,56.3,518.2,14
TR_02366,Иван,80.4,442.6,12
TR_02367,Иван,70.7,503.6,22
TR_02368,Ольга,78.1,239.1,15
TR_02369,Елена,13.1,354.7,12
TR_02370,Кристина,61.2,481.8,19
TR_02371,Ольга,56.9,426.3,8
TR_02372,Сергей,41.8,525.0,8
TR_02373,Павел,52.8,574.0,19
TR_02374,Павел,69.1,326.9,17
TR_02375,Елена,50.0,323.2,18
TR_02376,Ольга,81.4,210.9,22
TR_02377,Дмитрий,52.8,277.6,13
TR_02378,Иван,61.8,469.3,22
TR_02379,Дмитрий,75.4,536.7,16
TR_02380,Мария,54.6,520.1,12
TR_02381,Анна,55.3,237.6,15
TR_02382,Ольга,59.2,411.9,9
TR_02383,Ольга,59.0,424.3,13
TR_02384,Ольга,63.7,304.2,20
TR_02385,Елена,58.8,304.6,11
TR_02386,Дмитрий,35.9,563.7,6
TR_02387,Анна,51.1,193.4,19
TR_02388,Павел,65.6,672.3,6
TR_02389,Кристина,50.8,390.7,19
TR_02390,Сергей,198.8,402.9,18
TR_02391,Иван,69.8,305.4,17
TR_02392,Елена,63.0,345.2,15
TR_02393,Анна,52.3,516.2,17
TR_02394,Елена,46.7,190.5,12
TR_02395,Дмитрий,63.2,343.5,6
TR_02396,Ольга,59.7,622.2,6
TR_02397,Дмитрий,50.2,462.5,15
TR_02398,Ольга,78.4,420.4,13
TR_02399,Алексей,50.9,514.5,20
TR_02400,Иван,78.6,518.5,8
TR_02401,Елена,65.1,518.0,7
TR_02402,Дмитрий,72.1,238.9,13
TR_02403,Павел,60.9,364.1,20
TR_02404,Кристина,89.9,334.7,14
TR_02405,Елена,41.1,471.3,11
TR_02406,Анна,25.4,335.9,8
TR_02407,Кристина,48.7,343.5,16
TR_02408,Сергей,66.2,467.9,9
TR_02409,Елена,45.5,389.7,11
TR_02410,Елена,67.3,266.5,9
TR_02411,Дмитрий,45.6,288.0,13
TR_02412,Мария,54.7,349.9,16
TR_02413,Ольга,35.6,342.6,20
TR_02414,Анна,11.6,321.6,6
TR_02415,Алексей,51.6,427.8,17
TR_02416,Кристина,71.1,378.6,9
TR_02417,Павел,93.2,343.3,8
TR_02418,Анна,85.3,523.2,10
TR_02419,Алексей,56.2,383.4,14
TR_02420,Елена,61.1,343.2,20
TR_02421,Дмитрий,75.3,455.8,20
TR_02422,Павел,65.5,462.2,13
TR_02423,Мария,59.9,575.7,14
TR_02424,Павел,72.9,533.8,10
TR_02425,Павел,58.2,252.3,14
TR_02426,Иван,58.6,442.0,20
TR_02427,Дмитрий,69.8,201.9,18
TR_02428,Анна,49.1,312.3,20
TR_02429,Кристина,47.6,345.2,17
TR_02430,Ольга,57.1,608.5,13
TR_02431,Кристина,68.0,443.3,18
TR_02432,Анна,58.7,541.1,19
TR_02433,Дмитрий,91.2,324.3,18
TR_02434,Сергей,61.0,459.7,16
TR_02435,Елена,49.2,458.0,10
TR_02436,Сергей,62.5,320.9,18
TR_02437,Анна,235.4,359.2,12
TR_02438,Мария,168.2,307.3,21
TR_02439,Анна,76.5,392.6,9
TR_02440,Ольга,49.9,339.6,9
TR_02441,Павел,56.2,362.6,16
TR_02442,Ольга,7.7,448.2,7
TR_02443,Иван,77.8,366.2,18
TR_02444,Мария,65.6,499.3,18
TR_02445,Иван,55.2,397.6,17
TR_02446,Кристина,43.5,454.0,9
TR_02447,Мария,40.7,300.3,12
TR_02448,Ольга,32.5,207.1,11
TR_02449,Анна,49.9,360.5,8
TR_02450,Дмитрий,50.9,359.7,8
TR_02451,Мария,166.6,408.7,13
TR_02452,Иван,57.3,306.8,22
TR_02453,Дмитрий,63.4,401.3,17
TR_02454,Ольга,77.3,307.9,10
TR_02455,Ольга,18.1,423.3,13
TR_02456,Алексей,71.4,305.4,14
TR_02457,Алексей,64.9,389.9,21
TR_02458,Анна,5.4,492.5,19
TR_02459,Ольга,48.7,298.5,20
TR_02460,Сергей,60.3,415.9,20
TR_02461,Анна,33.8,426.3,6
TR_02462,Павел,79.1,428.9,8
TR_02463,Анна,89.5,325.9,10
TR_02464,Анна,169.6,518.7,6
TR_02465,Елена,62.3,271.9,15
TR_02466,Дмитрий,65.0,420.2,19
TR_02467,Павел,70.1,392.0,10
TR_02468,Мария,60.4,463.6,9
TR_02469,Елена,68.7,410.7,14
TR_02470,Павел,50.7,377.5,12
TR_02471,Ольга,51.7,323.5,15
TR_02472,Мария,70.0,595.4,12
TR_02473,Кристина,62.8,433.3,14
TR_02474,Анна,55.2,418.4,9
TR_02475,Анна,49.8,606.2,17
TR_02476,Елена,51.1,554.5,11
TR_02477,Павел,65.2,259.6,15
TR_02478,Мария,45.4,206.4,7
TR_02479,Павел,35.6,387.6,7
TR_02480,Мария,50.3,489.9,15
TR_02481,Иван,64.8,333.4,10
TR_02482,Сергей,52.8,425.7,13
TR_02483,Сергей,57.7,377.5,11
TR_02484,Иван,91.3,456.2,14
TR_02485,Сергей,46.7,243.8,11
TR_02486,Мария,53.5,440.0,11
TR_02487,Сергей,50.2,564.8,8
TR_02488,Дмитрий,55.4,424.7,17
TR_02489,Павел,77.1,447.0,13
TR_02490,Кристина,66.6,349.6,6
TR_02491,Павел,103.7,357.1,7
TR_02492,Алексей,6.5,426.2,14
TR_02493,Сергей,74.7,588.7,21
TR_02494,Анна,59.8,260.4,7
TR_02495,Сергей,45.9,423.0,13
TR_02496,Анна,72.2,493.6,13
TR_02497,Иван,138.9,504.8,18
TR_02498,Елена,38.0,525.5,14
TR_02499,Мария,181.1,284.8,12
TR_02500,Анна,53.6,513.1,6
