ID_покупки,Магазин,Сумма_чека,Количество_товаров,Час_покупки
INV_00001,Западный,3934.61,23,8
INV_00002,Южный,9237.67,13,21
INV_00003,Южный,7316.87,7,12
INV_00004,Южный,5700.65,8,22
INV_00005,Северный,3790.01,6,22
INV_00006,Южный,4770.31,8,11
INV_00007,Западный,13036.15,15,22
INV_00008,Западный,12232.2,1,18
INV_00009,Южный,6917.3,6,22
INV_00010,Западный,13069.37,11,16
INV_00011,Южный,13330.95,5,10
INV_00012,Южный,11855.59,15,15
INV_00013,Западный,2103.4,24,18
INV_00014,Южный,8749.29,15,18
INV_00015,Западный,1178.22,23,8
INV_00016,Южный,9971.87,8,12
INV_00017,Западный,6645.81,2,18
INV_00018,Северный,4559.02,23,17
INV_00019,Западный,7044.69,25,9
INV_00020,Южный,14540.0,26,20
INV_00021,Южный,10566.74,21,11
INV_00022,Западный,550.14,14,21
INV_00023,Южный,14205.06,16,8
INV_00024,Западный,13150.19,2,14
INV_00025,Западный,1894.47,1,19
INV_00026,Южный,7253.01,22,15
INV_00027,Северный,441.14,29,16
INV_00028,Южный,12868.91,15,22
INV_00029,Южный,2081.06,10,17
INV_00030,Северный,7572.46,26,13
INV_00031,Северный,3995.13,21,14
INV_00032,Северный,1468.61,26,12
INV_00033,Северный,2789.53,20,17
INV_00034,Южный,4527.67,27,18
INV_00035,Западный,12642.02,7,18
INV_00036,Южный,8635.49,8,16
INV_00037,Южный,8749.24,21,8
INV_00038,Западный,4784.96,11,15
INV_00039,Южный,13990.27,5,21
INV_00040,Северный,5884.67,2,17
INV_00041,Южный,2055.4,24,20
INV_00042,Западный,12161.69,12,8
INV_00043,Северный,13598.46,6,22
INV_00044,Южный,7315.29,6,21
INV_00045,Северный,708.16,7,10
INV_00046,Западный,12766.1,5,20
INV_00047,Северный,7383.36,17,15
INV_00048,Западный,5060.3,18,22
INV_00049,Северный,3230.3,9,13
INV_00050,Северный,7037.98,28,11
INV_00051,Южный,13864.9,21,22
INV_00052,Западный,13456.14,7,21
INV_00053,Северный,6562.08,24,13
INV_00054,Западный,14814.18,8,15
INV_00055,Северный,13074.12,17,17
INV_00056,Северный,8075.84,11,9
INV_00057,Западный,10259.45,3,22
INV_00058,Южный,114.22,24,11
INV_00059,Западный,3235.3,19,12
INV_00060,Западный,2372.86,2,12
INV_00061,Западный,8793.81,18,10
INV_00062,Южный,12307.56,25,11
INV_00063,Западный,11789.21,23,20
INV_00064,Западный,7808.88,7,12
INV_00065,Южный,12925.86,14,9
INV_00066,Южный,9470.98,26,10
INV_00067,Северный,14138.62,7,13
INV_00068,Западный,1628.61,14,9
INV_00069,Северный,460.99,19,17
INV_00070,Южный,3246.82,13,9
INV_00071,Западный,14866.35,5,13
INV_00072,Западный,1189.73,2,10
INV_00073,Западный,8980.16,13,11
INV_00074,Северный,12640.61,20,9
INV_00075,Северный,2609.46,8,9
INV_00076,Западный,7094.04,2,10
INV_00077,Западный,8825.8,5,14
INV_00078,Южный,8996.84,19,19
INV_00079,Северный,13528.98,29,14
INV_00080,Северный,3252.61,29,21
INV_00081,Южный,13312.68,18,11
INV_00082,Северный,8610.52,2,21
INV_00083,Западный,8900.16,24,8
INV_00084,Западный,14526.68,18,22
INV_00085,Южный,12137.97,22,9
INV_00086,Южный,822.97,9,9
INV_00087,Северный,9339.24,15,10
INV_00088,Южный,14973.16,26,21
INV_00089,Северный,13260.55,18,15
INV_00090,Западный,8059.7,13,18
INV_00091,Южный,786.71,12,16
INV_00092,Западный,10712.88,14,8
INV_00093,Северный,10969.82,14,8
INV_00094,Южный,1547.28,11,18
INV_00095,Южный,1686.13,25,21
INV_00096,Южный,1042.46,27,12
INV_00097,Западный,5689.11,1,17
INV_00098,Северный,3081.3,10,14
INV_00099,Северный,5897.28,23,9
INV_00100,Западный,1612.73,21,19
INV_00101,Южный,1175.0,3,11
INV_00102,Северный,5052.62,18,10
INV_00103,Западный,3126.48,3,18
INV_00104,Южный,12537.98,12,12
INV_00105,Южный,1156.73,14,20
INV_00106,Северный,3313.09,4,17
INV_00107,Южный,13637.29,13,18
INV_00108,Западный,10975.44,20,10
INV_00109,Южный,1529.28,2,9
INV_00110,Западный,6354.62,21,16
INV_00111,Южный,5504.75,7,12
INV_00112,Южный,12630.55,24,8
INV_00113,Северный,13538.85,23,14
INV_00114,Южный,12904.55,1,19
INV_00115,Северный,2060.66,8,14
INV_00116,Северный,804.01,28,8
INV_00117,Западный,7581.47,25,16
INV_00118,Западный,9923.09,1,17
INV_00119,Северный,3065.62,28,16
INV_00120,Северный,2872.68,14,16
INV_00121,Западный,8770.72,19,15
INV_00122,Северный,3782.87,3,20
INV_00123,Западный,2586.29,26,8
INV_00124,Южный,9115.95,3,17
INV_00125,Западный,4057.37,10,10
INV_00126,Северный,12701.07,6,8
INV_00127,Северный,13120.24,4,21
INV_00128,Западный,8689.53,23,9
INV_00129,Западный,5080.49,16,13
INV_00130,Северный,2365.09,25,14
INV_00131,Южный,9619.65,3,20
INV_00132,Южный,4475.31,25,21
INV_00133,Северный,12342.58,7,18
INV_00134,Южный,2230.29,17,18
INV_00135,Южный,9278.1,1,12
INV_00136,Северный,2733.22,14,14
INV_00137,Южный,2401.09,19,22
INV_00138,Южный,14304.96,24,20
INV_00139,Западный,13141.08,29,9
INV_00140,Западный,5943.0,9,15
INV_00141,Северный,7279.91,29,19
INV_00142,Северный,3072.54,11,22
INV_00143,Южный,12272.0,25,11
INV_00144,Южный,2362.43,20,19
INV_00145,Северный,4534.29,6,9
INV_00146,Южный,7300.41,13,21
INV_00147,Южный,3714.75,6,14
INV_00148,Западный,9973.0,26,14
INV_00149,Южный,6892.58,12,13
INV_00150,Южный,2768.75,17,19
INV_00151,Западный,3575.85,5,11
INV_00152,Западный,368.71,18,15
INV_00153,Северный,4654.54,14,15
INV_00154,Западный,6485.53,10,21
INV_00155,Северный,636.74,9,20
INV_00156,Южный,10124.18,17,16
INV_00157,Северный,10505.14,14,8
INV_00158,Северный,7764.18,16,10
INV_00159,Южный,5045.57,12,22
INV_00160,Северный,8536.14,18,9
INV_00161,Южный,4236.98,20,16
INV_00162,Северный,8089.5,11,21
INV_00163,Южный,2993.97,25,22
INV_00164,Северный,3764.94,16,16
INV_00165,Западный,380.13,5,11
INV_00166,Западный,6477.14,27,9
INV_00167,Западный,2776.01,12,13
INV_00168,Западный,12228.09,22,17
INV_00169,Северный,6149.01,2,15
INV_00170,Южный,7064.13,6,13
INV_00171,Южный,5645.82,19,11
INV_00172,Северный,9697.68,29,15
INV_00173,Северный,10084.38,23,12
INV_00174,Западный,10219.57,6,18
INV_00175,Южный,13670.83,19,17
INV_00176,Южный,1229.87,1,15
INV_00177,Западный,3471.74,10,8
INV_00178,Южный,13056.87,24,9
INV_00179,Южный,11564.55,15,16
INV_00180,Северный,657.65,11,20
INV_00181,Западный,6385.55,14,10
INV_00182,Северный,6099.43,18,16
INV_00183,Западный,1215.86,11,22
INV_00184,Северный,2067.46,27,8
INV_00185,Западный,4443.95,23,15
INV_00186,Северный,2577.04,28,16
INV_00187,Западный,13025.88,20,20
INV_00188,Южный,5474.21,4,22
INV_00189,Южный,4170.0,15,9
INV_00190,Южный,1992.76,13,12
INV_00191,Южный,11275.56,10,21
INV_00192,Северный,6086.75,11,22
INV_00193,Северный,13131.45,28,14
INV_00194,Западный,12550.78,24,18
INV_00195,Западный,11096.27,13,9
INV_00196,Западный,12772.32,7,20
INV_00197,Западный,9532.32,10,13
INV_00198,Южный,655.4,15,12
INV_00199,Южный,14035.29,28,9
INV_00200,Западный,7908.51,24,13
INV_00201,Северный,5734.48,4,22
INV_00202,Южный,7135.55,17,20
INV_00203,Западный,7546.84,18,13
INV_00204,Южный,4545.11,1,8
INV_00205,Северный,3276.42,2,18
INV_00206,Западный,7230.76,17,12
INV_00207,Южный,846.96,3,16
INV_00208,Северный,6858.21,15,10
INV_00209,Западный,1844.89,17,14
INV_00210,Южный,12170.87,4,18
INV_00211,Северный,5880.3,20,9
INV_00212,Южный,4264.37,10,13
INV_00213,Западный,1943.96,12,21
INV_00214,Северный,938.24,16,17
INV_00215,Западный,4172.8,10,20
INV_00216,Западный,5281.69,8,15
INV_00217,Северный,14315.38,10,13
INV_00218,Северный,10927.18,7,11
INV_00219,Северный,1661.77,2,16
INV_00220,Западный,6032.5,8,9
INV_00221,Западный,154.85,1,16
INV_00222,Южный,11134.04,11,19
INV_00223,Северный,14254.15,9,17
INV_00224,Северный,6389.64,9,14
INV_00225,Северный,1595.07,25,13
INV_00226,Южный,3515.79,5,18
INV_00227,Северный,9619.54,3,16
INV_00228,Северный,13648.13,1,15
INV_00229,Южный,8375.11,1,14
INV_00230,Южный,5700.81,18,9
INV_00231,Южный,12572.03,23,9
INV_00232,Южный,10628.4,6,9
INV_00233,Южный,211.22,6,16
INV_00234,Западный,8942.21,16,10
INV_00235,Северный,11261.25,15,13
INV_00236,Южный,241.44,3,8
INV_00237,Северный,2600.25,28,18
INV_00238,Северный,11251.53,5,19
INV_00239,Западный,12863.61,9,22
INV_00240,Северный,13537.88,7,21
INV_00241,Западный,5345.68,17,18
INV_00242,Южный,2666.66,22,21
INV_00243,Южный,13298.31,19,18
INV_00244,Западный,11777.68,12,14
INV_00245,Южный,5916.91,13,18
INV_00246,Южный,1455.4,22,13
INV_00247,Северный,1558.12,18,21
INV_00248,Южный,12703.75,29,15
INV_00249,Северный,11559.5,18,19
INV_00250,Южный,13991.06,24,14
INV_00251,Западный,10360.43,26,14
INV_00252,Западный,3360.73,15,14
INV_00253,Северный,673.41,19,18
INV_00254,Северный,1548.33,12,8
INV_00255,Южный,2875.94,14,17
INV_00256,Южный,9416.95,19,17
INV_00257,Южный,11704.69,2,18
INV_00258,Южный,13072.15,11,19
INV_00259,Южный,588.85,19,16
INV_00260,Западный,2209.6,26,16
INV_00261,Западный,10576.13,25,9
INV_00262,Южный,5667.85,7,18
INV_00263,Северный,3212.07,12,19
INV_00264,Южный,6415.98,14,10
INV_00265,Северный,9835.94,1,18
INV_00266,Западный,13573.06,2,10
INV_00267,Южный,3276.43,21,9
INV_00268,Северный,4202.43,16,9
INV_00269,Северный,10433.69,2,11
INV_00270,Южный,1065.99,15,21
INV_00271,Западный,12614.81,16,18
INV_00272,Западный,10389.46,29,21
INV_00273,Южный,7340.94,24,19
INV_00274,Северный,10013.01,4,22
INV_00275,Западный,705.94,21,22
INV_00276,Южный,1028.8,17,13
INV_00277,Южный,10753.87,14,18
INV_00278,Северный,8935.74,3,8
INV_00279,Южный,7151.59,1,22
INV_00280,Южный,7192.91,11,12
INV_00281,Западный,14903.58,9,16
INV_00282,Северный,14565.21,14,14
INV_00283,Северный,7463.48,2,16
INV_00284,Северный,14812.62,19,16
INV_00285,Южный,9940.62,26,21
INV_00286,Южный,1545.45,21,9
INV_00287,Южный,5196.57,1,20
INV_00288,Западный,8589.22,23,15
INV_00289,Западный,7337.22,9,8
INV_00290,Западный,10439.1,9,11
INV_00291,Южный,9319.7,28,18
INV_00292,Южный,11803.85,10,11
INV_00293,Северный,9348.7,3,16
INV_00294,Западный,3211.28,18,18
INV_00295,Западный,10539.8,25,11
INV_00296,Северный,6180.8,19,18
INV_00297,Южный,10356.72,8,8
INV_00298,Западный,10422.98,17,10
INV_00299,Западный,7623.89,15,14
INV_00300,Южный,7667.38,6,8
INV_00301,Западный,7947.27,10,14
INV_00302,Южный,14143.07,16,8
INV_00303,Западный,11072.82,8,19
INV_00304,Южный,5701.37,15,10
INV_00305,Южный,8749.02,23,22
INV_00306,Южный,8033.99,2,11
INV_00307,Западный,8934.79,21,9
INV_00308,Северный,6877.79,17,17
INV_00309,Северный,7381.56,13,9
INV_00310,Северный,5646.75,4,14
INV_00311,Северный,6091.43,1,12
INV_00312,Северный,7348.09,29,21
INV_00313,Западный,8799.93,20,21
INV_00314,Южный,7511.02,14,13
INV_00315,Северный,2713.17,18,17
INV_00316,Западный,12484.06,27,12
INV_00317,Южный,5005.36,13,12
INV_00318,Западный,10531.79,22,16
INV_00319,Северный,6301.45,7,17
INV_00320,Южный,5244.01,2,21
INV_00321,Южный,2264.96,26,9
INV_00322,Западный,14779.24,10,22
INV_00323,Южный,4036.27,11,11
INV_00324,Северный,806.45,13,21
INV_00325,Южный,5354.2,19,19
INV_00326,Южный,7154.98,27,12
INV_00327,Южный,5018.86,2,19
INV_00328,Южный,2536.39,22,19
INV_00329,Северный,9707.98,13,19
INV_00330,Северный,6800.33,25,13
INV_00331,Западный,14388.72,28,14
INV_00332,Западный,9442.23,19,14
INV_00333,Южный,10700.63,14,9
INV_00334,Южный,12567.94,28,12
INV_00335,Западный,3183.51,5,15
INV_00336,Северный,5423.3,10,11
INV_00337,Северный,2928.5,4,10
INV_00338,Южный,5131.18,2,18
INV_00339,Северный,8450.47,3,13
INV_00340,Южный,7916.57,7,12
INV_00341,Северный,8817.03,15,12
INV_00342,Северный,4885.9,23,19
INV_00343,Северный,8650.79,2,15
INV_00344,Северный,2811.11,28,8
INV_00345,Западный,12576.51,18,13
INV_00346,Северный,7050.21,10,22
INV_00347,Западный,4279.49,11,12
INV_00348,Северный,9575.14,8,22
INV_00349,Южный,2420.49,7,21
INV_00350,Южный,9093.25,29,17
INV_00351,Западный,10723.17,21,12
INV_00352,Южный,5368.5,7,20
INV_00353,Западный,10089.93,19,16
INV_00354,Южный,5067.54,24,18
INV_00355,Западный,5638.66,3,15
INV_00356,Северный,11301.32,1,16
INV_00357,Западный,12794.25,8,20
INV_00358,Западный,9766.14,23,21
INV_00359,Северный,4377.84,8,13
INV_00360,Западный,14490.08,8,20
INV_00361,Южный,3115.25,9,16
INV_00362,Северный,13449.63,9,8
INV_00363,Южный,6827.32,13,22
INV_00364,Западный,13174.8,13,19
INV_00365,Северный,3845.12,24,18
INV_00366,Северный,14878.64,12,12
INV_00367,Южный,5767.52,17,12
INV_00368,Северный,10395.43,28,16
INV_00369,Южный,1273.91,18,21
INV_00370,Северный,464.3,14,8
INV_00371,Западный,5682.0,12,12
INV_00372,Западный,2985.92,22,14
INV_00373,Южный,4928.78,5,14
INV_00374,Западный,10545.6,21,11
INV_00375,Северный,10877.84,2,18
INV_00376,Западный,3504.78,4,16
INV_00377,Северный,6057.99,9,21
INV_00378,Западный,3726.16,23,13
INV_00379,Западный,10071.56,27,14
INV_00380,Северный,8303.82,8,21
INV_00381,Северный,11553.37,26,13
INV_00382,Западный,4781.03,7,16
INV_00383,Северный,13278.1,15,22
INV_00384,Западный,2804.72,11,9
INV_00385,Северный,9542.38,18,20
INV_00386,Южный,9007.07,23,20
INV_00387,Западный,6242.11,29,12
INV_00388,Западный,1449.03,16,20
INV_00389,Северный,6284.44,6,10
INV_00390,Северный,14805.23,12,11
INV_00391,Южный,3149.01,27,17
INV_00392,Северный,1919.08,28,9
INV_00393,Западный,10644.96,19,11
INV_00394,Западный,6313.5,8,18
INV_00395,Западный,4681.61,22,15
INV_00396,Западный,1064.42,3,17
INV_00397,Южный,3087.78,5,19
INV_00398,Северный,10766.66,24,18
INV_00399,Южный,8264.71,8,15
INV_00400,Западный,889.01,17,13
INV_00401,Западный,6995.72,7,10
INV_00402,Северный,7433.21,4,20
INV_00403,Западный,3467.86,14,22
INV_00404,Южный,3250.6,21,9
INV_00405,Северный,10622.07,26,15
INV_00406,Южный,8253.64,16,18
INV_00407,Южный,4643.04,29,12
INV_00408,Западный,12630.32,2,13
INV_00409,Южный,7295.83,11,16
INV_00410,Северный,13775.74,1,20
INV_00411,Западный,13387.05,22,13
INV_00412,Северный,3777.85,27,19
INV_00413,Южный,9583.87,23,13
INV_00414,Северный,8806.33,1,22
INV_00415,Западный,3916.37,28,13
INV_00416,Южный,12053.96,4,12
INV_00417,Южный,1559.06,22,18
INV_00418,Северный,2154.24,4,20
INV_00419,Северный,13572.48,14,9
INV_00420,Южный,8079.62,24,21
INV_00421,Северный,9977.7,2,14
INV_00422,Западный,10365.61,16,10
INV_00423,Западный,769.71,23,8
INV_00424,Западный,11527.82,3,16
INV_00425,Южный,11884.19,1,16
INV_00426,Западный,13772.14,23,21
INV_00427,Южный,7054.77,12,11
INV_00428,Южный,778.78,29,8
INV_00429,Северный,6014.91,25,13
INV_00430,Западный,9328.94,4,19
INV_00431,Южный,7463.13,5,8
INV_00432,Северный,6137.05,6,17
INV_00433,Западный,1804.98,12,11
INV_00434,Северный,4332.69,16,18
INV_00435,Южный,14777.21,10,8
INV_00436,Западный,9395.76,21,12
INV_00437,Северный,2765.54,21,17
INV_00438,Северный,4409.87,23,10
INV_00439,Южный,2584.45,6,17
INV_00440,Южный,13312.87,1,8
INV_00441,Северный,13799.42,6,12
INV_00442,Западный,11153.46,11,14
INV_00443,Южный,13725.42,1,17
INV_00444,Северный,14237.6,8,11
INV_00445,Западный,10271.61,6,8
INV_00446,Южный,14046.73,27,11
INV_00447,Северный,11109.9,12,9
INV_00448,Западный,9874.56,8,11
INV_00449,Западный,4527.17,10,22
INV_00450,Западный,3928.56,6,16
INV_00451,Северный,10731.94,11,20
INV_00452,Западный,12476.11,21,8
INV_00453,Южный,8140.2,22,18
INV_00454,Южный,9340.65,16,17
INV_00455,Западный,401.56,26,22
INV_00456,Западный,11748.21,28,10
INV_00457,Южный,12045.21,23,13
INV_00458,Южный,10615.96,20,16
INV_00459,Южный,2380.97,19,13
INV_00460,Южный,2881.9,23,18
INV_00461,Южный,12013.11,5,14
INV_00462,Западный,11262.54,24,15
INV_00463,Южный,5459.56,21,11
INV_00464,Южный,14742.66,2,9
INV_00465,Западный,7988.3,12,19
INV_00466,Западный,9435.49,24,14
INV_00467,Южный,1984.77,7,8
INV_00468,Северный,6056.48,29,8
INV_00469,Южный,2496.04,12,9
INV_00470,Северный,2803.23,13,16
INV_00471,Северный,3186.77,21,15
INV_00472,Северный,4938.5,21,15
INV_00473,Западный,6411.94,21,16
INV_00474,Южный,13934.44,18,11
INV_00475,Северный,5929.34,2,17
INV_00476,Западный,12913.12,20,11
INV_00477,Западный,14743.32,29,14
INV_00478,Западный,8028.13,23,8
INV_00479,Южный,11385.85,4,8
INV_00480,Северный,5460.87,25,13
INV_00481,Южный,1799.02,17,13
INV_00482,Западный,6054.23,27,10
INV_00483,Западный,10047.33,2,17
INV_00484,Северный,8201.76,26,20
INV_00485,Южный,11611.94,13,16
INV_00486,Южный,14035.15,8,19
INV_00487,Северный,13546.67,11,9
INV_00488,Западный,14387.47,13,20
INV_00489,Северный,13875.46,14,12
INV_00490,Северный,1963.77,18,21
INV_00491,Южный,14551.75,12,22
INV_00492,Южный,2176.31,2,8
INV_00493,Западный,11028.15,20,20
INV_00494,Западный,7477.98,8,12
INV_00495,Южный,10048.65,16,11
INV_00496,Западный,1265.41,10,22
INV_00497,Западный,1061.04,8,9
INV_00498,Северный,14020.63,24,12
INV_00499,Южный,5829.65,5,9
INV_00500,Западный,239.07,18,9
INV_00501,Северный,1332.91,8,20
INV_00502,Северный,6021.67,9,19
INV_00503,Западный,5946.89,27,18
INV_00504,Западный,1529.23,25,12
INV_00505,Северный,842.0,21,8
INV_00506,Южный,1208.8,2,14
INV_00507,Западный,11998.31,5,8
INV_00508,Северный,10318.86,17,17
INV_00509,Северный,9994.54,13,9
INV_00510,Западный,4939.66,4,11
INV_00511,Южный,7518.99,15,10
INV_00512,Южный,4022.52,25,13
INV_00513,Западный,6981.77,17,20
INV_00514,Западный,6364.4,20,10
INV_00515,Южный,11688.61,28,18
INV_00516,Южный,3873.1,7,21
INV_00517,Северный,9708.12,19,20
INV_00518,Северный,10690.24,24,21
INV_00519,Южный,12285.53,1,14
INV_00520,Западный,10702.02,22,21
INV_00521,Южный,8078.42,4,18
INV_00522,Северный,6173.33,27,22
INV_00523,Западный,8917.6,9,17
INV_00524,Северный,3839.93,11,15
INV_00525,Южный,1573.67,12,12
INV_00526,Южный,11093.72,5,9
INV_00527,Южный,4233.37,17,10
INV_00528,Северный,6970.71,17,18
INV_00529,Северный,3900.36,25,18
INV_00530,Южный,4736.01,17,13
INV_00531,Южный,5710.77,20,8
INV_00532,Северный,10224.96,18,15
INV_00533,Северный,10773.92,27,12
INV_00534,Северный,14875.5,20,21
INV_00535,Южный,2168.66,29,16
INV_00536,Западный,7754.32,10,8
INV_00537,Северный,6121.32,21,8
INV_00538,Северный,14888.41,13,16
INV_00539,Западный,5056.77,7,19
INV_00540,Западный,9702.62,8,15
INV_00541,Северный,5977.07,27,9
INV_00542,Западный,11296.21,5,21
INV_00543,Северный,8129.57,13,17
INV_00544,Северный,11642.52,23,12
INV_00545,Западный,1511.89,19,15
INV_00546,Северный,11329.26,5,12
INV_00547,Северный,2202.45,23,11
INV_00548,Южный,12306.34,12,17
INV_00549,Южный,14175.66,2,16
INV_00550,Северный,12292.45,15,11
INV_00551,Северный,9277.77,2,13
INV_00552,Южный,11686.98,18,12
INV_00553,Западный,6550.1,12,10
INV_00554,Северный,1158.21,8,17
INV_00555,Западный,12936.19,20,20
INV_00556,Южный,6756.15,1,8
INV_00557,Западный,8477.28,12,20
INV_00558,Южный,4190.01,21,22
INV_00559,Северный,1296.91,17,22
INV_00560,Южный,7267.6,13,20
INV_00561,Южный,2434.58,28,13
INV_00562,Западный,1261.2,25,18
INV_00563,Северный,10049.28,22,13
INV_00564,Южный,3818.5,23,14
INV_00565,Южный,11497.52,12,11
INV_00566,Южный,6496.98,29,19
INV_00567,Северный,3007.17,20,8
INV_00568,Западный,12962.38,21,11
INV_00569,Северный,7686.83,11,15
INV_00570,Северный,7330.91,16,12
INV_00571,Северный,359.82,18,10
INV_00572,Западный,1466.77,9,16
INV_00573,Северный,10310.0,5,21
INV_00574,Южный,14007.21,26,22
INV_00575,Северный,13852.61,22,21
INV_00576,Западный,5373.72,13,20
INV_00577,Северный,13988.23,28,14
INV_00578,Северный,1127.08,10,10
INV_00579,Южный,10121.39,25,12
INV_00580,Южный,7450.89,3,22
INV_00581,Западный,7661.32,3,14
INV_00582,Южный,2060.4,8,10
INV_00583,Северный,3500.62,3,17
INV_00584,Западный,11167.44,25,19
INV_00585,Западный,7896.54,5,15
INV_00586,Южный,532.04,29,21
INV_00587,Южный,10937.07,1,11
INV_00588,Западный,4001.74,10,16
INV_00589,Южный,11919.97,27,16
INV_00590,Северный,12574.56,6,16
INV_00591,Западный,9985.94,3,8
INV_00592,Северный,926.87,15,15
INV_00593,Западный,12840.72,23,22
INV_00594,Южный,6228.18,20,21
INV_00595,Западный,107.47,10,19
INV_00596,Южный,13486.03,27,8
INV_00597,Западный,13667.27,1,16
INV_00598,Западный,6004.78,24,22
INV_00599,Северный,14313.39,16,15
INV_00600,Южный,276.0,26,16
INV_00601,Южный,8630.16,18,19
INV_00602,Западный,14405.55,18,12
INV_00603,Южный,9940.47,9,21
INV_00604,Западный,13725.95,20,14
INV_00605,Южный,5970.06,25,21
INV_00606,Южный,12513.76,21,13
INV_00607,Северный,5399.11,25,13
INV_00608,Западный,9230.58,20,14
INV_00609,Южный,9610.86,24,18
INV_00610,Западный,1839.82,10,15
INV_00611,Западный,9348.57,6,8
INV_00612,Северный,7444.31,6,8
INV_00613,Северный,14516.52,26,22
INV_00614,Северный,9064.28,17,11
INV_00615,Северный,5778.97,13,9
INV_00616,Южный,8598.97,5,11
INV_00617,Северный,10483.0,6,18
INV_00618,Южный,1139.56,11,15
INV_00619,Северный,2764.17,1,15
INV_00620,Южный,440.11,16,17
INV_00621,Северный,4802.68,21,8
INV_00622,Западный,12920.24,27,16
INV_00623,Южный,4668.32,14,12
INV_00624,Северный,5998.4,6,18
INV_00625,Южный,8195.6,25,8
INV_00626,Южный,6296.78,1,22
INV_00627,Северный,5071.44,3,20
INV_00628,Северный,7907.4,18,22
INV_00629,Южный,14181.02,4,12
INV_00630,Западный,14984.0,14,17
INV_00631,Южный,5792.11,28,12
INV_00632,Западный,4040.5,21,16
INV_00633,Южный,14101.0,24,9
INV_00634,Южный,841.16,8,18
INV_00635,Западный,13872.22,6,19
INV_00636,Западный,10166.21,28,18
INV_00637,Южный,12579.91,15,18
INV_00638,Западный,10424.36,1,19
INV_00639,Северный,2502.94,20,16
INV_00640,Западный,12067.34,20,17
INV_00641,Южный,7047.49,2,18
INV_00642,Северный,5712.08,1,21
INV_00643,Южный,9898.44,17,14
INV_00644,Южный,11704.14,24,8
INV_00645,Южный,8869.07,2,17
INV_00646,Западный,12485.45,2,15
INV_00647,Северный,4229.91,12,11
INV_00648,Западный,13608.77,6,21
INV_00649,Северный,9578.55,28,9
INV_00650,Западный,9887.51,19,12
INV_00651,Южный,9825.32,7,17
INV_00652,Южный,618.32,27,16
INV_00653,Южный,2199.04,12,17
INV_00654,Южный,6190.32,4,17
INV_00655,Южный,369.13,14,22
INV_00656,Западный,2642.73,19,20
INV_00657,Северный,5344.68,13,18
INV_00658,Западный,11660.08,18,14
INV_00659,Северный,13150.39,29,22
INV_00660,Южный,10316.4,20,21
INV_00661,Западный,5049.44,2,20
INV_00662,Северный,12736.6,20,19
INV_00663,Южный,155.4,7,18
INV_00664,Южный,6543.98,6,8
INV_00665,Западный,6403.83,28,17
INV_00666,Южный,13048.52,11,16
INV_00667,Западный,7522.68,22,9
INV_00668,Южный,9002.93,4,18
INV_00669,Западный,8199.04,16,11
INV_00670,Северный,14225.55,11,21
INV_00671,Южный,9471.37,29,16
INV_00672,Южный,7329.04,12,19
INV_00673,Северный,7538.39,13,11
INV_00674,Западный,12208.41,18,16
INV_00675,Западный,14554.6,21,18
INV_00676,Южный,6647.51,4,15
INV_00677,Южный,3594.61,15,9
INV_00678,Южный,11347.91,2,18
INV_00679,Южный,5525.39,6,18
INV_00680,Западный,11712.71,22,22
INV_00681,Южный,4958.17,12,8
INV_00682,Северный,12366.22,20,20
INV_00683,Западный,6023.58,5,21
INV_00684,Северный,8832.77,24,10
INV_00685,Западный,9322.52,27,17
INV_00686,Южный,5230.55,9,22
INV_00687,Северный,13223.66,19,14
INV_00688,Южный,9187.46,25,14
INV_00689,Северный,5749.24,9,11
INV_00690,Северный,4407.25,5,9
INV_00691,Северный,9337.63,24,10
INV_00692,Южный,5292.31,20,22
INV_00693,Северный,13173.47,28,19
INV_00694,Южный,9439.11,21,17
INV_00695,Южный,13194.29,19,17
INV_00696,Южный,8871.24,20,12
INV_00697,Северный,3618.8,7,14
INV_00698,Северный,12283.5,25,20
INV_00699,Западный,11563.78,8,8
INV_00700,Южный,8809.85,16,11
INV_00701,Западный,4917.98,5,15
INV_00702,Западный,5455.45,23,9
INV_00703,Южный,941.76,14,15
INV_00704,Западный,5176.86,12,9
INV_00705,Западный,11653.95,26,20
INV_00706,Западный,12391.75,8,15
INV_00707,Северный,13585.11,19,11
INV_00708,Западный,8457.92,5,14
INV_00709,Западный,8107.37,11,15
INV_00710,Северный,1855.58,21,8
INV_00711,Северный,14312.96,26,13
INV_00712,Северный,5976.24,16,22
INV_00713,Южный,1928.1,1,17
INV_00714,Западный,4859.87,17,12
INV_00715,Южный,1449.43,19,12
INV_00716,Северный,13531.15,18,9
INV_00717,Северный,8910.64,1,14
INV_00718,Западный,12701.65,28,8
INV_00719,Северный,6361.98,29,10
INV_00720,Западный,3090.42,25,10
INV_00721,Западный,1619.99,11,21
INV_00722,Западный,11162.67,20,13
INV_00723,Южный,14316.33,9,22
INV_00724,Северный,13070.86,23,14
INV_00725,Северный,8169.66,10,19
INV_00726,Северный,8465.25,12,19
INV_00727,Западный,14592.13,24,13
INV_00728,Западный,13817.75,23,15
INV_00729,Южный,1325.14,28,16
INV_00730,Северный,8449.66,27,15
INV_00731,Южный,423.31,19,17
INV_00732,Западный,1627.77,13,12
INV_00733,Западный,1657.14,2,19
INV_00734,Северный,11373.83,12,9
INV_00735,Северный,8383.16,8,17
INV_00736,Северный,1271.56,16,16
INV_00737,Южный,7186.2,19,12
INV_00738,Западный,2553.55,2,9
INV_00739,Северный,2174.2,5,13
INV_00740,Северный,1810.84,6,11
INV_00741,Северный,11061.47,14,16
INV_00742,Западный,5854.94,4,16
INV_00743,Западный,7070.58,6,13
INV_00744,Южный,6070.86,20,16
INV_00745,Северный,10506.52,20,21
INV_00746,Северный,12117.2,3,10
INV_00747,Южный,11941.53,18,12
INV_00748,Западный,3605.67,20,21
INV_00749,Северный,14663.12,12,17
INV_00750,Западный,7664.13,16,22
INV_00751,Южный,2372.64,28,18
INV_00752,Южный,11216.44,24,20
INV_00753,Западный,8744.37,7,19
INV_00754,Северный,5574.48,6,15
INV_00755,Северный,8408.08,28,14
INV_00756,Западный,4690.32,16,13
INV_00757,Южный,2238.97,16,14
INV_00758,Северный,6802.44,3,17
INV_00759,Северный,9064.52,25,10
INV_00760,Западный,7962.45,1,11
INV_00761,Северный,9591.28,17,20
INV_00762,Северный,806.45,14,22
INV_00763,Южный,6381.65,10,21
INV_00764,Южный,6867.09,25,11
INV_00765,Северный,10905.7,19,13
INV_00766,Южный,5555.48,14,20
INV_00767,Южный,13965.93,19,15
INV_00768,Южный,5140.79,19,9
INV_00769,Западный,6185.91,25,17
INV_00770,Северный,1124.43,10,9
INV_00771,Южный,10614.56,5,15
INV_00772,Северный,5806.08,11,19
INV_00773,Западный,6454.49,15,21
INV_00774,Западный,2827.51,14,16
INV_00775,Южный,7621.57,21,11
INV_00776,Южный,11217.43,29,10
INV_00777,Южный,8496.48,29,19
INV_00778,Северный,8488.43,16,11
INV_00779,Северный,8570.73,8,13
INV_00780,Западный,433.42,22,15
INV_00781,Западный,4739.58,4,17
INV_00782,Северный,12270.87,18,9
INV_00783,Южный,6555.28,27,11
INV_00784,Северный,13722.57,4,18
INV_00785,Западный,4206.01,21,22
INV_00786,Южный,13105.27,25,13
INV_00787,Северный,347.54,7,9
INV_00788,Западный,10541.28,8,21
INV_00789,Западный,2013.94,1,17
INV_00790,Западный,1948.04,15,17
INV_00791,Южный,14510.92,27,17
INV_00792,Южный,8990.36,29,12
INV_00793,Северный,10285.41,20,19
INV_00794,Западный,2823.31,21,10
INV_00795,Северный,13705.39,21,12
INV_00796,Северный,6643.36,6,17
INV_00797,Северный,2427.42,27,17
INV_00798,Северный,884.58,22,9
INV_00799,Южный,12783.46,23,18
INV_00800,Западный,13912.34,29,8
INV_00801,Южный,732.54,4,17
INV_00802,Южный,13836.5,19,19
INV_00803,Западный,11885.6,9,20
INV_00804,Северный,3277.35,18,18
INV_00805,Южный,5675.48,20,16
INV_00806,Северный,3203.78,3,18
INV_00807,Северный,1253.07,28,21
INV_00808,Западный,9243.09,5,11
INV_00809,Южный,6400.88,20,17
INV_00810,Южный,5399.88,6,17
INV_00811,Западный,8910.06,14,15
INV_00812,Западный,10811.69,1,14
INV_00813,Западный,4054.41,15,11
INV_00814,Западный,2738.82,22,13
INV_00815,Южный,5156.04,23,8
INV_00816,Западный,2533.84,15,17
INV_00817,Западный,13968.59,8,20
INV_00818,Южный,14710.52,16,10
INV_00819,Северный,13717.76,5,20
INV_00820,Западный,768.56,13,17
INV_00821,Западный,12702.46,20,14
INV_00822,Западный,2552.07,13,15
INV_00823,Северный,5629.74,15,15
INV_00824,Западный,9879.57,23,18
INV_00825,Северный,1244.12,23,22
INV_00826,Западный,10679.85,28,9
INV_00827,Южный,11769.57,13,9
INV_00828,Северный,9729.3,9,21
INV_00829,Южный,4971.28,7,19
INV_00830,Северный,1055.03,8,22
INV_00831,Южный,5874.33,15,15
INV_00832,Северный,14013.97,22,9
INV_00833,Западный,12009.66,25,22
INV_00834,Южный,3864.27,27,9
INV_00835,Южный,9120.95,14,10
INV_00836,Южный,4859.43,24,14
INV_00837,Западный,12085.51,26,8
INV_00838,Южный,10302.12,25,14
INV_00839,Западный,8978.82,18,22
INV_00840,Южный,9009.64,22,12
INV_00841,Южный,1575.43,12,14
INV_00842,Северный,12442.8,26,16
INV_00843,Северный,14761.64,18,11
INV_00844,Южный,414.97,9,19
INV_00845,Южный,11351.34,4,18
INV_00846,Южный,14172.87,15,22
INV_00847,Северный,4535.98,22,14
INV_00848,Западный,3922.26,2,19
INV_00849,Западный,12455.11,29,20
INV_00850,Западный,5218.43,22,14
INV_00851,Западный,2104.22,7,9
INV_00852,Северный,6977.34,17,10
INV_00853,Южный,2273.0,20,8
INV_00854,Южный,8457.22,23,15
INV_00855,Западный,7025.33,3,11
INV_00856,Северный,6574.06,27,13
INV_00857,Западный,5422.63,10,17
INV_00858,Западный,10019.28,23,19
INV_00859,Северный,14849.24,11,12
INV_00860,Западный,10755.57,26,22
INV_00861,Западный,10443.21,15,19
INV_00862,Южный,2564.07,5,16
INV_00863,Северный,9774.54,20,18
INV_00864,Южный,827.49,26,13
INV_00865,Северный,11263.71,26,19
INV_00866,Северный,7914.9,9,19
INV_00867,Западный,9560.37,13,9
INV_00868,Южный,9126.82,9,12
INV_00869,Южный,11907.11,17,8
INV_00870,Южный,6802.31,26,11
INV_00871,Западный,6206.48,2,15
INV_00872,Южный,8202.24,18,21
INV_00873,Южный,13403.99,4,18
INV_00874,Западный,5717.21,13,11
INV_00875,Северный,3246.96,29,22
INV_00876,Западный,4312.73,17,14
INV_00877,Южный,11398.08,6,10
INV_00878,Южный,14939.52,17,21
INV_00879,Южный,7324.22,12,8
INV_00880,Южный,13737.71,1,21
INV_00881,Западный,2912.08,20,20
INV_00882,Южный,6569.86,5,21
INV_00883,Южный,8539.83,19,12
INV_00884,Северный,10777.5,26,15
INV_00885,Северный,6865.01,10,13
INV_00886,Северный,1642.12,5,14
INV_00887,Западный,3450.95,3,20
INV_00888,Северный,13171.02,2,21
INV_00889,Северный,10114.26,29,11
INV_00890,Южный,12139.61,21,15
INV_00891,Южный,14476.98,4,11
INV_00892,Южный,1677.4,23,16
INV_00893,Западный,4043.35,18,11
INV_00894,Северный,12056.3,13,17
INV_00895,Южный,13267.44,13,16
INV_00896,Западный,9263.84,29,17
INV_00897,Западный,2587.45,23,14
INV_00898,Северный,2975.96,18,19
INV_00899,Западный,8304.24,7,9
INV_00900,Южный,4740.74,3,10
INV_00901,Западный,9999.95,12,8
INV_00902,Южный,7722.13,29,11
INV_00903,Южный,6780.8,2,17
INV_00904,Северный,9075.84,19,21
INV_00905,Северный,12217.79,28,19
INV_00906,Западный,9754.12,26,21
INV_00907,Южный,7131.41,2,9
INV_00908,Южный,6816.28,27,16
INV_00909,Южный,5067.45,4,15
INV_00910,Южный,1589.6,26,21
INV_00911,Западный,890.7,24,12
INV_00912,Западный,5588.89,18,8
INV_00913,Южный,1296.04,18,21
INV_00914,Северный,8494.61,27,10
INV_00915,Северный,974.7,28,17
INV_00916,Северный,11133.39,9,19
INV_00917,Западный,4792.64,18,18
INV_00918,Южный,14731.98,2,9
INV_00919,Северный,10165.3,27,15
INV_00920,Северный,7299.47,2,18
INV_00921,Южный,12031.48,3,22
INV_00922,Западный,281.76,12,12
INV_00923,Западный,2994.17,23,13
INV_00924,Северный,3192.56,13,15
INV_00925,Северный,12043.86,23,20
INV_00926,Западный,8795.59,15,8
INV_00927,Северный,8674.18,26,11
INV_00928,Южный,3994.53,7,11
INV_00929,Северный,2785.06,2,16
INV_00930,Северный,12600.47,3,12
INV_00931,Южный,9412.41,23,15
INV_00932,Западный,4836.1,16,13
INV_00933,Южный,12360.99,10,20
INV_00934,Северный,8102.07,11,20
INV_00935,Западный,12305.91,1,12
INV_00936,Северный,7761.72,20,22
INV_00937,Северный,5063.89,7,12
INV_00938,Западный,10388.36,28,19
INV_00939,Западный,14942.99,23,13
INV_00940,Южный,13923.62,3,20
INV_00941,Западный,8565.76,29,20
INV_00942,Северный,4157.17,21,10
INV_00943,Северный,8549.38,2,15
INV_00944,Западный,6880.03,5,11
INV_00945,Южный,9530.74,5,12
INV_00946,Западный,10469.76,15,13
INV_00947,Северный,10059.21,24,11
INV_00948,Южный,584.78,4,18
INV_00949,Северный,14062.35,28,21
INV_00950,Северный,1021.5,3,18
INV_00951,Южный,9636.99,12,9
INV_00952,Западный,6608.51,12,19
INV_00953,Западный,12481.41,9,11
INV_00954,Южный,6495.56,1,11
INV_00955,Западный,12781.79,13,9
INV_00956,Южный,7529.87,24,15
INV_00957,Северный,3012.66,12,19
INV_00958,Южный,2047.76,11,18
INV_00959,Западный,13980.08,22,17
INV_00960,Западный,3401.23,10,19
INV_00961,Северный,2495.93,23,19
INV_00962,Северный,8488.63,7,22
INV_00963,Северный,6457.54,6,9
INV_00964,Южный,12271.99,8,14
INV_00965,Северный,1246.43,17,21
INV_00966,Южный,7747.72,20,16
INV_00967,Северный,4593.75,9,17
INV_00968,Западный,11297.61,27,16
INV_00969,Южный,3774.53,4,15
INV_00970,Южный,2028.61,5,9
INV_00971,Южный,2261.45,24,12
INV_00972,Северный,10428.88,4,18
INV_00973,Западный,14076.87,3,18
INV_00974,Северный,2958.25,8,11
INV_00975,Северный,6800.72,14,18
INV_00976,Южный,5566.1,15,10
INV_00977,Западный,13895.62,6,8
INV_00978,Северный,2863.61,16,21
INV_00979,Северный,262.48,21,13
INV_00980,Западный,8707.32,17,12
INV_00981,Западный,13113.23,25,16
INV_00982,Западный,13061.3,16,19
INV_00983,Западный,5131.68,4,21
INV_00984,Западный,4706.88,28,11
INV_00985,Западный,909.98,12,10
INV_00986,Южный,11055.15,25,20
INV_00987,Северный,12593.01,21,14
INV_00988,Западный,14790.33,23,13
INV_00989,Западный,4500.68,24,15
INV_00990,Северный,6782.23,3,15
INV_00991,Северный,13010.04,22,13
INV_00992,Южный,6240.79,2,21
INV_00993,Западный,11907.83,22,16
INV_00994,Южный,521.98,8,17
INV_00995,Южный,1410.31,24,11
INV_00996,Южный,823.91,7,15
INV_00997,Северный,5599.66,3,10
INV_00998,Северный,7605.45,1,15
INV_00999,Северный,1191.02,16,20
INV_01000,Западный,10093.84,13,16
INV_01001,Западный,431.82,13,17
INV_01002,Западный,991.26,24,16
INV_01003,Южный,4958.43,15,11
INV_01004,Западный,6616.71,23,16
INV_01005,Северный,3111.18,8,21
INV_01006,Северный,11351.69,15,9
INV_01007,Южный,8114.59,1,17
INV_01008,Северный,2943.36,16,10
INV_01009,Северный,6562.12,6,22
INV_01010,Западный,9934.62,12,21
INV_01011,Западный,7940.77,27,11
INV_01012,Западный,822.63,4,10
INV_01013,Северный,10369.72,10,19
INV_01014,Северный,10384.99,13,8
INV_01015,Западный,12982.75,16,11
INV_01016,Северный,14269.84,6,18
INV_01017,Западный,4756.86,2,18
INV_01018,Южный,669.7,4,12
INV_01019,Южный,5960.29,22,11
INV_01020,Северный,10172.37,13,9
INV_01021,Северный,8073.38,13,20
INV_01022,Южный,4086.75,6,22
INV_01023,Северный,5763.7,12,22
INV_01024,Западный,14245.52,19,9
INV_01025,Западный,3968.91,29,12
INV_01026,Северный,9899.05,4,17
INV_01027,Северный,8076.26,27,10
INV_01028,Южный,536.12,4,21
INV_01029,Западный,13354.8,24,13
INV_01030,Южный,10335.22,1,16
INV_01031,Северный,9635.6,1,8
INV_01032,Южный,9712.66,4,11
INV_01033,Северный,5732.04,15,9
INV_01034,Северный,7978.94,27,10
INV_01035,Западный,5102.05,7,11
INV_01036,Северный,11624.48,6,13
INV_01037,Западный,201.43,18,15
INV_01038,Северный,6658.79,11,20
INV_01039,Западный,2589.84,27,10
INV_01040,Южный,9915.09,21,15
INV_01041,Южный,9642.52,23,17
INV_01042,Западный,12995.87,24,17
INV_01043,Южный,3346.56,29,22
INV_01044,Южный,4058.02,11,19
INV_01045,Северный,13928.32,19,15
INV_01046,Западный,10880.96,20,19
INV_01047,Южный,6022.62,8,15
INV_01048,Западный,2588.85,29,22
INV_01049,Южный,14046.37,29,16
INV_01050,Западный,13277.44,3,15
INV_01051,Западный,6027.74,23,11
INV_01052,Северный,14573.29,12,15
INV_01053,Западный,14461.76,12,17
INV_01054,Северный,6704.13,6,17
INV_01055,Северный,1829.21,10,13
INV_01056,Северный,1974.35,19,19
INV_01057,Северный,12600.59,3,10
INV_01058,Западный,4109.27,5,10
INV_01059,Южный,10150.34,14,16
INV_01060,Северный,10074.81,18,21
INV_01061,Западный,11762.12,27,14
INV_01062,Южный,10647.73,29,16
INV_01063,Северный,2170.76,13,16
INV_01064,Южный,9532.19,27,17
INV_01065,Северный,3517.84,19,11
INV_01066,Южный,13249.46,7,19
INV_01067,Северный,3227.76,26,18
INV_01068,Северный,9644.09,14,12
INV_01069,Южный,12638.62,10,19
INV_01070,Западный,3632.79,7,18
INV_01071,Южный,3571.29,3,15
INV_01072,Западный,14745.33,22,21
INV_01073,Западный,5841.28,8,20
INV_01074,Южный,8257.1,20,22
INV_01075,Западный,11662.72,19,18
INV_01076,Южный,831.98,20,15
INV_01077,Западный,4900.26,14,14
INV_01078,Южный,4933.21,19,13
INV_01079,Северный,13518.22,21,19
INV_01080,Северный,2649.46,15,22
INV_01081,Южный,10401.34,24,16
INV_01082,Западный,1962.15,19,13
INV_01083,Западный,8553.08,9,21
INV_01084,Северный,12967.0,28,22
INV_01085,Северный,10268.1,7,19
INV_01086,Северный,11622.61,29,15
INV_01087,Северный,12087.08,14,9
INV_01088,Западный,1839.31,1,17
INV_01089,Западный,1498.86,1,13
INV_01090,Северный,5980.06,4,14
INV_01091,Южный,14542.47,15,16
INV_01092,Северный,8687.84,6,17
INV_01093,Западный,3449.18,16,14
INV_01094,Северный,3783.27,4,11
INV_01095,Западный,13833.74,6,13
INV_01096,Западный,12518.83,8,11
INV_01097,Западный,9334.64,10,20
INV_01098,Западный,3162.96,24,8
INV_01099,Западный,2529.0,12,14
INV_01100,Северный,928.09,8,20
INV_01101,Западный,11648.71,26,17
INV_01102,Западный,4327.67,24,12
INV_01103,Западный,13626.63,29,12
INV_01104,Северный,2518.23,28,14
INV_01105,Западный,6113.71,14,15
INV_01106,Северный,3478.66,29,8
INV_01107,Западный,3406.65,9,14
INV_01108,Западный,13830.7,18,17
INV_01109,Южный,7549.43,14,10
INV_01110,Северный,10640.53,11,18
INV_01111,Западный,13019.38,20,15
INV_01112,Северный,3311.94,15,8
INV_01113,Южный,10040.37,26,17
INV_01114,Западный,8507.84,27,17
INV_01115,Южный,8211.3,9,9
INV_01116,Северный,10326.53,26,16
INV_01117,Западный,3375.22,7,10
INV_01118,Северный,1521.26,9,14
INV_01119,Южный,1347.31,4,14
INV_01120,Северный,9546.02,22,18
INV_01121,Южный,4719.76,4,9
INV_01122,Южный,12557.75,23,22
INV_01123,Южный,8975.59,15,22
INV_01124,Южный,13181.9,13,22
INV_01125,Южный,7556.62,18,12
INV_01126,Северный,14062.62,19,13
INV_01127,Южный,12455.02,24,21
INV_01128,Западный,8518.65,25,22
INV_01129,Северный,4047.94,4,21
INV_01130,Западный,4529.87,23,19
INV_01131,Западный,6857.28,19,17
INV_01132,Западный,6753.17,14,15
INV_01133,Северный,14133.7,17,11
INV_01134,Западный,9227.92,24,13
INV_01135,Западный,10319.55,27,8
INV_01136,Северный,11773.5,28,8
INV_01137,Северный,2784.63,25,12
INV_01138,Северный,7502.79,26,8
INV_01139,Южный,4713.43,23,16
INV_01140,Северный,7597.81,6,8
INV_01141,Западный,12511.88,3,22
INV_01142,Западный,2729.31,11,13
INV_01143,Южный,331.27,6,15
INV_01144,Южный,12615.15,1,15
INV_01145,Южный,14163.57,11,22
INV_01146,Западный,4789.88,13,22
INV_01147,Северный,7162.46,11,14
INV_01148,Северный,8556.65,15,22
INV_01149,Северный,4697.2,23,11
INV_01150,Южный,10711.45,18,17
INV_01151,Северный,496.54,23,8
INV_01152,Западный,9038.55,19,19
INV_01153,Западный,6377.38,8,16
INV_01154,Северный,9932.77,23,13
INV_01155,Западный,7891.18,1,20
INV_01156,Южный,11357.6,6,17
INV_01157,Западный,4259.96,23,8
INV_01158,Северный,10170.15,29,8
INV_01159,Южный,5788.96,22,16
INV_01160,Западный,7247.27,6,10
INV_01161,Западный,4399.76,1,20
INV_01162,Западный,404.61,23,10
INV_01163,Северный,12819.41,3,13
INV_01164,Южный,14118.27,27,21
INV_01165,Западный,6348.88,16,13
INV_01166,Северный,12421.91,24,8
INV_01167,Западный,14762.45,1,17
INV_01168,Западный,5243.77,25,12
INV_01169,Северный,9732.53,8,19
INV_01170,Северный,2972.38,5,18
INV_01171,Западный,2011.88,12,10
INV_01172,Северный,7702.57,12,10
INV_01173,Южный,7306.87,3,20
INV_01174,Западный,10335.34,9,14
INV_01175,Южный,6677.32,29,20
INV_01176,Южный,3713.92,11,22
INV_01177,Северный,13304.93,20,12
INV_01178,Южный,9613.16,25,22
INV_01179,Южный,9936.85,4,20
INV_01180,Южный,6350.53,13,18
INV_01181,Южный,4178.18,23,18
INV_01182,Западный,12093.4,18,10
INV_01183,Северный,9085.11,21,16
INV_01184,Западный,8931.9,7,11
INV_01185,Северный,2222.83,19,14
INV_01186,Северный,6321.37,8,16
INV_01187,Северный,10588.66,17,12
INV_01188,Западный,4635.69,12,22
INV_01189,Южный,7354.25,15,9
INV_01190,Северный,5491.48,19,9
INV_01191,Северный,1143.95,21,10
INV_01192,Западный,8032.89,3,15
INV_01193,Западный,5176.47,15,11
INV_01194,Южный,8513.67,9,13
INV_01195,Западный,8941.78,14,21
INV_01196,Южный,10108.8,7,15
INV_01197,Западный,3375.31,23,8
INV_01198,Северный,2742.1,1,17
INV_01199,Южный,10853.04,24,10
INV_01200,Южный,9447.47,27,18
INV_01201,Западный,12820.28,19,11
INV_01202,Западный,13074.34,21,10
INV_01203,Южный,3482.05,18,17
INV_01204,Западный,10890.08,10,10
INV_01205,Южный,3118.28,16,13
INV_01206,Южный,7363.28,26,8
INV_01207,Южный,4706.53,12,12
INV_01208,Южный,12324.48,4,22
INV_01209,Южный,730.17,4,13
INV_01210,Западный,3649.88,13,12
INV_01211,Южный,5382.97,18,20
INV_01212,Западный,13551.52,2,19
INV_01213,Северный,3353.29,4,20
INV_01214,Западный,14003.28,23,10
INV_01215,Южный,13195.41,5,10
INV_01216,Южный,6508.95,18,20
INV_01217,Западный,6033.44,12,19
INV_01218,Южный,11731.9,24,11
INV_01219,Северный,8636.56,2,8
INV_01220,Южный,4445.24,18,13
INV_01221,Северный,1659.25,24,17
INV_01222,Северный,14531.47,8,20
INV_01223,Северный,10037.19,18,17
INV_01224,Южный,5241.68,6,20
INV_01225,Южный,877.62,22,20
INV_01226,Южный,5504.07,21,19
INV_01227,Западный,7919.52,19,10
INV_01228,Северный,12295.08,23,18
INV_01229,Южный,4081.74,20,9
INV_01230,Западный,2772.34,15,21
INV_01231,Западный,703.29,16,14
INV_01232,Южный,14067.88,20,9
INV_01233,Западный,461.84,11,18
INV_01234,Западный,8657.77,3,13
INV_01235,Южный,3252.21,29,18
INV_01236,Западный,9913.38,24,18
INV_01237,Западный,11627.56,6,10
INV_01238,Южный,12036.7,3,14
INV_01239,Западный,259.62,27,12
INV_01240,Северный,13210.3,18,19
INV_01241,Южный,2816.67,9,9
INV_01242,Северный,11874.89,5,16
INV_01243,Северный,1460.09,16,18
INV_01244,Северный,4354.26,1,9
INV_01245,Западный,2994.88,20,10
INV_01246,Северный,13322.9,3,17
INV_01247,Западный,8972.72,24,13
INV_01248,Южный,3331.59,1,8
INV_01249,Южный,510.93,6,17
INV_01250,Южный,7171.59,11,10
INV_01251,Северный,5321.98,5,10
INV_01252,Южный,1554.08,1,10
INV_01253,Южный,14087.78,14,8
INV_01254,Северный,1881.7,20,8
INV_01255,Северный,1664.96,6,18
INV_01256,Южный,12167.02,4,15
INV_01257,Западный,2290.62,22,20
INV_01258,Южный,10774.25,20,15
INV_01259,Северный,10412.97,4,16
INV_01260,Южный,9018.58,23,17
INV_01261,Южный,6032.4,22,19
INV_01262,Западный,5027.35,11,18
INV_01263,Южный,14890.63,16,12
INV_01264,Северный,12133.45,26,10
INV_01265,Западный,12736.49,18,15
INV_01266,Западный,4434.32,11,18
INV_01267,Западный,6418.34,5,21
INV_01268,Северный,3710.06,2,9
INV_01269,Западный,11820.09,14,15
INV_01270,Западный,10233.47,12,15
INV_01271,Западный,3161.99,13,13
INV_01272,Северный,5815.6,5,8
INV_01273,Западный,1010.32,16,15
INV_01274,Южный,12385.85,3,16
INV_01275,Южный,5780.79,26,21
INV_01276,Южный,2071.23,20,19
INV_01277,Западный,13158.05,5,16
INV_01278,Южный,7709.67,27,22
INV_01279,Северный,4941.03,26,14
INV_01280,Северный,1641.69,26,17
INV_01281,Западный,8909.72,25,8
INV_01282,Северный,14630.79,22,22
INV_01283,Северный,7119.25,8,13
INV_01284,Северный,10448.12,22,21
INV_01285,Западный,11811.18,23,11
INV_01286,Западный,13053.18,16,16
INV_01287,Южный,11768.03,28,17
INV_01288,Западный,7516.76,21,10
INV_01289,Северный,7165.45,24,22
INV_01290,Северный,2304.78,7,21
INV_01291,Северный,4888.95,10,18
INV_01292,Южный,13256.47,28,20
INV_01293,Северный,6987.16,1,19
INV_01294,Северный,8197.07,24,22
INV_01295,Западный,2638.08,20,15
INV_01296,Северный,14048.09,18,14
INV_01297,Северный,8840.71,9,21
INV_01298,Северный,12412.47,1,15
INV_01299,Южный,10962.49,13,18
INV_01300,Южный,4086.82,22,12
INV_01301,Северный,5449.19,11,12
INV_01302,Южный,13977.9,12,18
INV_01303,Южный,13833.53,1,16
INV_01304,Южный,6006.86,29,17
INV_01305,Южный,9053.93,27,17
INV_01306,Северный,5332.48,20,13
INV_01307,Северный,5643.97,15,15
INV_01308,Северный,12186.55,10,12
INV_01309,Южный,11320.78,24,22
INV_01310,Южный,3474.3,28,9
INV_01311,Северный,13762.11,21,22
INV_01312,Северный,8193.4,21,21
INV_01313,Южный,4050.06,3,11
INV_01314,Южный,8906.68,26,14
INV_01315,Западный,5738.17,2,13
INV_01316,Северный,14730.61,18,17
INV_01317,Южный,3775.15,23,18
INV_01318,Западный,13162.49,24,9
INV_01319,Южный,5079.51,24,15
INV_01320,Западный,14375.25,4,13
INV_01321,Южный,8969.14,18,22
INV_01322,Северный,7805.57,8,14
INV_01323,Южный,2309.31,23,8
INV_01324,Северный,4272.66,13,21
INV_01325,Северный,8136.67,26,12
INV_01326,Северный,766.37,27,8
INV_01327,Северный,14457.8,7,13
INV_01328,Западный,7829.42,7,19
INV_01329,Северный,11888.57,17,9
INV_01330,Северный,13063.49,26,14
INV_01331,Южный,2786.51,11,15
INV_01332,Западный,2354.18,22,16
INV_01333,Западный,7679.69,12,15
INV_01334,Южный,212.59,10,16
INV_01335,Южный,11718.95,17,11
INV_01336,Северный,6390.95,28,14
INV_01337,Северный,14438.58,17,16
INV_01338,Западный,869.45,15,16
INV_01339,Западный,5015.46,28,16
INV_01340,Северный,8697.15,19,12
INV_01341,Западный,7804.25,19,14
INV_01342,Западный,5126.64,28,9
INV_01343,Северный,3161.22,5,19
INV_01344,Западный,9064.58,3,22
INV_01345,Западный,130.82,13,13
INV_01346,Северный,11137.39,12,15
INV_01347,Южный,1345.64,12,12
INV_01348,Северный,4755.13,29,15
INV_01349,Южный,10477.71,12,16
INV_01350,Южный,13611.51,9,13
INV_01351,Северный,10897.43,9,18
INV_01352,Западный,10811.12,18,22
INV_01353,Западный,5039.87,9,15
INV_01354,Северный,11097.37,24,12
INV_01355,Западный,3452.39,10,18
INV_01356,Северный,2025.34,26,9
INV_01357,Южный,9655.33,28,8
INV_01358,Южный,3593.84,5,14
INV_01359,Западный,7666.86,10,21
INV_01360,Южный,5768.88,14,14
INV_01361,Южный,12055.93,13,19
INV_01362,Западный,6461.51,2,17
INV_01363,Южный,14730.51,12,15
INV_01364,Южный,2475.92,12,8
INV_01365,Южный,3411.22,12,18
INV_01366,Южный,12821.65,8,8
INV_01367,Западный,12448.9,12,16
INV_01368,Западный,14366.97,26,10
INV_01369,Западный,5274.28,18,14
INV_01370,Южный,8762.3,11,20
INV_01371,Западный,3334.66,20,18
INV_01372,Западный,13426.65,10,19
INV_01373,Западный,13786.61,18,16
INV_01374,Южный,4239.59,18,17
INV_01375,Западный,14342.98,11,8
INV_01376,Южный,289.9,17,8
INV_01377,Западный,2141.43,8,20
INV_01378,Западный,11469.26,15,13
INV_01379,Западный,7437.83,6,21
INV_01380,Западный,12510.34,16,18
INV_01381,Южный,9909.13,13,19
INV_01382,Южный,9218.94,25,18
INV_01383,Южный,1972.65,24,21
INV_01384,Южный,7212.29,14,22
INV_01385,Западный,713.47,12,19
INV_01386,Северный,2594.78,8,17
INV_01387,Южный,12058.6,25,22
INV_01388,Северный,1070.33,24,15
INV_01389,Западный,5428.05,7,22
INV_01390,Западный,4316.53,10,18
INV_01391,Северный,1658.21,9,22
INV_01392,Южный,7913.08,11,14
INV_01393,Западный,3748.34,21,15
INV_01394,Западный,5006.46,20,8
INV_01395,Западный,1000.32,22,11
INV_01396,Южный,13725.88,22,22
INV_01397,Северный,4147.72,12,22
INV_01398,Северный,7990.5,26,13
INV_01399,Западный,11868.22,29,19
INV_01400,Западный,6156.9,19,12
INV_01401,Северный,1338.84,22,13
INV_01402,Западный,5086.24,10,20
INV_01403,Северный,11991.69,1,15
INV_01404,Южный,4924.49,25,22
INV_01405,Южный,9520.57,9,22
INV_01406,Южный,4155.08,28,20
INV_01407,Южный,11230.55,4,15
INV_01408,Северный,1746.06,18,8
INV_01409,Южный,10926.07,4,18
INV_01410,Южный,4631.31,4,10
INV_01411,Западный,14552.97,18,8
INV_01412,Южный,4695.45,6,19
INV_01413,Северный,7848.24,27,19
INV_01414,Северный,14641.13,23,16
INV_01415,Южный,11593.2,24,8
INV_01416,Северный,13211.31,21,22
INV_01417,Северный,6434.5,15,19
INV_01418,Западный,5260.54,9,14
INV_01419,Северный,11781.36,26,10
INV_01420,Западный,2769.66,25,16
INV_01421,Южный,7328.8,26,18
INV_01422,Северный,11009.82,25,12
INV_01423,Западный,9276.16,10,13
INV_01424,Южный,8938.4,4,8
INV_01425,Западный,12250.87,13,8
INV_01426,Северный,10675.68,17,9
INV_01427,Западный,12535.53,21,11
INV_01428,Южный,12019.5,26,21
INV_01429,Северный,2384.96,9,8
INV_01430,Северный,457.9,26,10
INV_01431,Западный,5975.38,5,9
INV_01432,Северный,2440.44,25,8
INV_01433,Северный,9663.93,10,22
INV_01434,Южный,2618.1,25,22
INV_01435,Северный,3638.04,20,8
INV_01436,Южный,4270.67,23,21
INV_01437,Южный,13948.29,27,20
INV_01438,Южный,7811.17,7,14
INV_01439,Южный,10036.51,1,17
INV_01440,Западный,12971.27,11,15
INV_01441,Северный,13184.26,5,15
INV_01442,Северный,2036.17,11,10
INV_01443,Южный,9962.6,23,14
INV_01444,Северный,8308.59,3,22
INV_01445,Северный,12008.23,5,19
INV_01446,Западный,9602.56,23,9
INV_01447,Западный,10803.34,24,11
INV_01448,Северный,8677.37,14,20
INV_01449,Западный,12643.05,6,12
INV_01450,Южный,4631.39,29,22
INV_01451,Северный,13177.67,26,8
INV_01452,Южный,14890.42,18,10
INV_01453,Северный,4375.44,2,9
INV_01454,Южный,11306.66,21,22
INV_01455,Южный,3858.77,9,16
INV_01456,Западный,10775.91,1,12
INV_01457,Западный,10641.63,7,22
INV_01458,Северный,2440.69,27,22
INV_01459,Южный,4786.69,27,22
INV_01460,Западный,11961.77,4,17
INV_01461,Северный,7115.68,9,14
INV_01462,Южный,2652.95,22,22
INV_01463,Южный,9581.55,13,13
INV_01464,Южный,1289.35,11,18
INV_01465,Западный,5805.58,7,18
INV_01466,Западный,13394.44,3,11
INV_01467,Северный,6895.79,5,14
INV_01468,Южный,13486.07,17,22
INV_01469,Западный,8194.32,29,20
INV_01470,Западный,2749.43,24,13
INV_01471,Северный,12722.11,1,16
INV_01472,Западный,8410.72,19,14
INV_01473,Западный,14655.34,9,22
INV_01474,Северный,1261.4,6,11
INV_01475,Западный,10266.42,20,22
INV_01476,Западный,6489.18,21,17
INV_01477,Южный,7411.01,28,19
INV_01478,Западный,7708.56,16,20
INV_01479,Южный,10998.69,23,21
INV_01480,Северный,5781.79,24,21
INV_01481,Западный,9446.78,23,13
INV_01482,Северный,4695.43,12,11
INV_01483,Северный,10357.89,8,22
INV_01484,Западный,14542.81,23,22
INV_01485,Западный,12385.58,16,20
INV_01486,Северный,427.58,25,20
INV_01487,Северный,2117.31,22,12
INV_01488,Западный,9819.25,22,20
INV_01489,Западный,9412.83,9,10
INV_01490,Северный,2610.37,6,9
INV_01491,Южный,4919.48,19,22
INV_01492,Северный,3966.5,15,21
INV_01493,Южный,6719.42,27,9
INV_01494,Северный,11307.3,28,14
INV_01495,Южный,7144.19,10,9
INV_01496,Северный,11651.69,4,11
INV_01497,Северный,1682.15,21,13
INV_01498,Западный,6781.57,10,17
INV_01499,Южный,8163.37,14,8
INV_01500,Северный,11657.88,29,14
INV_01501,Южный,13848.01,1,8
INV_01502,Северный,9184.93,19,20
INV_01503,Южный,8831.58,19,15
INV_01504,Западный,5446.58,6,13
INV_01505,Северный,6449.5,28,22
INV_01506,Западный,2130.88,29,18
INV_01507,Западный,12379.25,14,11
INV_01508,Северный,7415.69,3,20
INV_01509,Южный,1535.07,9,20
INV_01510,Южный,4741.89,5,11
INV_01511,Северный,2266.29,1,22
INV_01512,Северный,12812.77,4,11
INV_01513,Южный,12336.3,4,11
INV_01514,Южный,12674.31,20,13
INV_01515,Западный,1413.79,2,20
INV_01516,Северный,13246.29,24,11
INV_01517,Южный,7747.08,25,10
INV_01518,Северный,676.01,4,16
INV_01519,Северный,4552.48,5,10
INV_01520,Южный,11076.4,27,15
INV_01521,Западный,14636.91,23,13
INV_01522,Южный,11978.1,6,14
INV_01523,Западный,5723.03,2,18
INV_01524,Южный,4980.62,1,14
INV_01525,Западный,5705.15,2,9
INV_01526,Северный,2124.76,10,18
INV_01527,Западный,2612.41,12,9
INV_01528,Северный,5961.52,9,13
INV_01529,Западный,2106.67,15,14
INV_01530,Северный,5637.58,12,20
INV_01531,Северный,1699.35,18,16
INV_01532,Западный,14000.64,12,19
INV_01533,Северный,2495.89,12,22
INV_01534,Западный,1398.76,8,18
INV_01535,Западный,401.96,21,16
INV_01536,Северный,11244.53,15,8
INV_01537,Западный,10269.55,13,11
INV_01538,Южный,12645.06,16,11
INV_01539,Западный,10852.8,20,19
INV_01540,Западный,11990.06,22,21
INV_01541,Западный,6022.01,12,8
INV_01542,Западный,11394.23,10,12
INV_01543,Южный,10554.52,24,21
INV_01544,Северный,1160.81,20,20
INV_01545,Южный,2499.76,25,14
INV_01546,Западный,698.56,14,15
INV_01547,Западный,9833.53,21,15
INV_01548,Северный,6592.01,20,13
INV_01549,Северный,1794.77,26,22
INV_01550,Южный,3312.37,24,18
INV_01551,Северный,4280.19,12,22
INV_01552,Западный,11286.62,3,20
INV_01553,Южный,552.38,25,10
INV_01554,Западный,12770.63,22,18
INV_01555,Северный,9004.23,22,14
INV_01556,Южный,12544.68,9,9
INV_01557,Северный,9522.93,15,12
INV_01558,Западный,4729.0,17,12
INV_01559,Западный,1435.42,4,19
INV_01560,Южный,6473.7,28,9
INV_01561,Южный,10413.9,22,11
INV_01562,Северный,6827.42,13,14
INV_01563,Южный,176.99,27,22
INV_01564,Западный,12555.27,12,21
INV_01565,Западный,2490.26,15,18
INV_01566,Северный,4077.14,19,16
INV_01567,Северный,2001.52,2,15
INV_01568,Южный,2283.23,13,8
INV_01569,Северный,1172.03,26,20
INV_01570,Западный,12904.41,8,21
INV_01571,Западный,12436.21,6,18
INV_01572,Западный,11390.11,20,10
INV_01573,Южный,662.33,8,9
INV_01574,Южный,9738.58,8,14
INV_01575,Северный,7514.3,16,16
INV_01576,Северный,10923.09,15,8
INV_01577,Южный,3892.96,19,20
INV_01578,Южный,14269.12,14,12
INV_01579,Северный,3635.36,26,9
INV_01580,Северный,3964.52,17,20
INV_01581,Южный,10317.13,19,17
INV_01582,Южный,12900.63,23,13
INV_01583,Западный,123.36,8,9
INV_01584,Южный,14586.41,10,10
INV_01585,Южный,2525.05,4,12
INV_01586,Западный,2611.19,13,14
INV_01587,Южный,523.79,10,15
INV_01588,Северный,3269.44,6,10
INV_01589,Западный,4487.77,14,13
INV_01590,Южный,5379.78,2,15
INV_01591,Западный,5936.11,14,13
INV_01592,Южный,4817.58,6,8
INV_01593,Северный,5090.15,25,17
INV_01594,Южный,6972.37,1,18
INV_01595,Западный,1492.67,21,22
INV_01596,Южный,12578.58,7,22
INV_01597,Северный,8723.3,27,20
INV_01598,Западный,7695.96,21,12
INV_01599,Западный,7210.71,5,8
INV_01600,Южный,12793.15,17,18
INV_01601,Северный,14764.89,20,21
INV_01602,Северный,7085.56,1,9
INV_01603,Северный,1999.51,20,21
INV_01604,Западный,7123.54,5,21
INV_01605,Южный,4207.86,2,10
INV_01606,Западный,3502.79,6,20
INV_01607,Южный,9297.86,28,17
INV_01608,Западный,1737.47,7,16
INV_01609,Западный,4457.21,27,15
INV_01610,Южный,2415.16,29,11
INV_01611,Южный,3621.96,21,15
INV_01612,Западный,13530.04,24,17
INV_01613,Западный,12341.79,5,12
INV_01614,Северный,2225.37,17,11
INV_01615,Южный,5280.44,29,12
INV_01616,Северный,1904.49,22,20
INV_01617,Северный,9514.59,1,11
INV_01618,Северный,11903.53,11,22
INV_01619,Северный,6777.18,15,11
INV_01620,Северный,14072.7,16,10
INV_01621,Северный,365.09,10,9
INV_01622,Южный,818.87,24,12
INV_01623,Западный,10143.35,14,18
INV_01624,Южный,8571.75,3,20
INV_01625,Северный,10135.86,13,22
INV_01626,Южный,7488.52,26,20
INV_01627,Западный,9261.0,9,15
INV_01628,Южный,5207.09,13,8
INV_01629,Западный,14476.98,21,9
INV_01630,Северный,3311.85,29,18
INV_01631,Южный,9600.72,6,16
INV_01632,Северный,6360.72,21,17
INV_01633,Южный,7670.53,27,17
INV_01634,Западный,8210.02,17,22
INV_01635,Северный,11454.31,18,13
INV_01636,Западный,10953.79,9,11
INV_01637,Северный,3977.77,20,18
INV_01638,Западный,6609.63,5,18
INV_01639,Южный,6899.84,27,14
INV_01640,Западный,7903.34,28,9
INV_01641,Северный,1917.22,16,22
INV_01642,Западный,8583.71,27,8
INV_01643,Западный,7094.39,16,13
INV_01644,Северный,13525.58,10,18
INV_01645,Южный,4657.77,23,21
INV_01646,Западный,4415.06,18,10
INV_01647,Южный,13854.12,11,19
INV_01648,Южный,8746.69,5,13
INV_01649,Западный,8438.48,27,16
INV_01650,Южный,13686.31,4,9
INV_01651,Западный,10091.03,20,17
INV_01652,Западный,7138.57,7,12
INV_01653,Северный,11656.21,1,9
INV_01654,Западный,881.12,13,16
INV_01655,Западный,6603.32,18,13
INV_01656,Северный,8234.6,4,10
INV_01657,Северный,9405.14,29,12
INV_01658,Южный,10899.57,15,14
INV_01659,Южный,9135.72,4,14
INV_01660,Южный,12172.92,1,14
INV_01661,Северный,9806.77,18,19
INV_01662,Западный,12223.09,26,13
INV_01663,Южный,3227.81,15,22
INV_01664,Северный,7473.65,15,9
INV_01665,Северный,3866.1,9,14
INV_01666,Южный,8118.69,13,11
INV_01667,Южный,4827.13,29,19
INV_01668,Северный,11293.27,25,14
INV_01669,Западный,9426.16,10,13
INV_01670,Северный,6958.48,27,9
INV_01671,Южный,3019.9,6,16
INV_01672,Западный,13901.85,8,18
INV_01673,Северный,12211.62,18,13
INV_01674,Южный,11255.58,1,18
INV_01675,Западный,2434.98,17,18
INV_01676,Южный,3426.15,8,11
INV_01677,Южный,7115.62,7,22
INV_01678,Западный,12268.61,23,16
INV_01679,Южный,9314.13,16,22
INV_01680,Южный,3214.74,12,16
INV_01681,Северный,14882.91,22,20
INV_01682,Северный,8172.19,14,10
INV_01683,Северный,8763.92,21,16
INV_01684,Северный,14013.02,15,22
INV_01685,Западный,2047.9,25,9
INV_01686,Южный,10126.24,7,9
INV_01687,Северный,11150.23,11,17
INV_01688,Западный,11508.4,8,8
INV_01689,Северный,6790.63,12,16
INV_01690,Северный,10619.44,12,12
INV_01691,Северный,4671.52,3,11
INV_01692,Западный,516.66,2,18
INV_01693,Западный,4705.38,17,18
INV_01694,Северный,12105.81,18,12
INV_01695,Западный,7280.39,10,22
INV_01696,Западный,2048.11,1,14
INV_01697,Северный,12261.79,3,10
INV_01698,Южный,4029.76,28,9
INV_01699,Северный,6475.02,5,18
INV_01700,Западный,3780.66,24,20
INV_01701,Западный,1307.44,22,13
INV_01702,Северный,1215.8,22,8
INV_01703,Западный,9016.17,4,13
INV_01704,Южный,10532.86,17,19
INV_01705,Южный,2412.8,23,8
INV_01706,Южный,11167.08,17,17
INV_01707,Южный,1997.39,9,14
INV_01708,Западный,5782.45,19,9
INV_01709,Южный,14895.18,11,18
INV_01710,Северный,11549.09,28,16
INV_01711,Западный,12559.28,24,22
INV_01712,Южный,13399.24,10,16
INV_01713,Южный,12349.77,19,15
INV_01714,Южный,11579.57,27,13
INV_01715,Южный,13156.64,18,14
INV_01716,Южный,8806.38,19,10
INV_01717,Западный,2974.37,13,17
INV_01718,Западный,11723.52,21,10
INV_01719,Западный,3552.5,10,15
INV_01720,Северный,6243.94,17,9
INV_01721,Южный,2859.74,27,19
INV_01722,Южный,6117.19,1,21
INV_01723,Западный,13588.41,11,13
INV_01724,Южный,8006.86,13,8
INV_01725,Северный,9676.22,1,22
INV_01726,Южный,14500.24,12,13
INV_01727,Западный,509.75,7,13
INV_01728,Южный,3917.54,29,19
INV_01729,Северный,9362.52,24,22
INV_01730,Западный,10855.77,14,11
INV_01731,Северный,5435.81,16,12
INV_01732,Южный,3139.55,7,20
INV_01733,Западный,11117.5,12,11
INV_01734,Северный,13164.26,11,17
INV_01735,Северный,5361.63,14,22
INV_01736,Западный,8641.67,17,10
INV_01737,Южный,1680.32,11,21
INV_01738,Западный,1399.76,2,10
INV_01739,Западный,1180.34,7,21
INV_01740,Западный,12571.95,17,8
INV_01741,Западный,14063.78,20,8
INV_01742,Южный,13829.05,6,11
INV_01743,Западный,6520.89,23,14
INV_01744,Южный,876.33,17,14
INV_01745,Западный,7716.46,22,16
INV_01746,Западный,6530.34,9,22
INV_01747,Южный,7493.53,23,19
INV_01748,Западный,8683.98,16,19
INV_01749,Северный,7976.26,5,8
INV_01750,Западный,6014.29,6,9
INV_01751,Южный,7370.01,24,13
INV_01752,Северный,3496.93,6,12
INV_01753,Западный,13069.47,15,8
INV_01754,Западный,9536.51,5,18
INV_01755,Западный,4623.3,15,11
INV_01756,Западный,10643.95,12,22
INV_01757,Западный,4657.5,15,17
INV_01758,Южный,6900.21,13,12
INV_01759,Южный,6693.54,13,17
INV_01760,Южный,1971.94,24,20
INV_01761,Южный,4808.86,18,19
INV_01762,Северный,9386.11,20,21
INV_01763,Западный,9741.6,14,12
INV_01764,Северный,8816.01,3,18
INV_01765,Северный,10503.18,24,20
INV_01766,Западный,10469.74,26,18
INV_01767,Западный,12171.75,20,9
INV_01768,Северный,1169.84,3,11
INV_01769,Северный,9361.0,17,21
INV_01770,Северный,3035.5,1,21
INV_01771,Южный,12906.01,23,9
INV_01772,Южный,664.14,23,14
INV_01773,Южный,13617.01,22,20
INV_01774,Западный,4136.76,18,17
INV_01775,Западный,2904.92,22,13
INV_01776,Северный,9423.84,27,10
INV_01777,Южный,10463.2,29,14
INV_01778,Южный,9869.34,20,11
INV_01779,Южный,6366.42,14,19
INV_01780,Северный,1603.13,29,16
INV_01781,Западный,5918.15,4,20
INV_01782,Южный,10623.87,13,11
INV_01783,Западный,3378.75,20,18
INV_01784,Южный,4090.33,14,18
INV_01785,Северный,14680.35,11,11
INV_01786,Западный,14653.89,8,22
INV_01787,Северный,2924.36,3,11
INV_01788,Южный,10485.0,8,14
INV_01789,Западный,2177.73,15,18
INV_01790,Южный,9956.51,16,16
INV_01791,Южный,7802.32,22,22
INV_01792,Западный,1506.51,1,18
INV_01793,Западный,2968.44,19,19
INV_01794,Южный,2384.43,12,22
INV_01795,Северный,9018.97,4,8
INV_01796,Западный,8572.34,27,22
INV_01797,Северный,9709.99,21,10
INV_01798,Западный,4089.18,24,18
INV_01799,Северный,4058.94,18,16
INV_01800,Северный,2989.02,21,16
INV_01801,Южный,3662.93,21,15
INV_01802,Северный,544.51,27,17
INV_01803,Южный,14152.47,10,17
INV_01804,Западный,11977.53,5,18
INV_01805,Северный,170.84,2,21
INV_01806,Северный,6317.49,28,22
INV_01807,Южный,10438.91,9,9
INV_01808,Южный,5323.0,24,17
INV_01809,Южный,11948.67,20,21
INV_01810,Западный,6783.36,25,14
INV_01811,Южный,9848.66,23,18
INV_01812,Южный,7264.44,9,19
INV_01813,Северный,1696.56,14,18
INV_01814,Западный,6189.33,15,14
INV_01815,Северный,3477.16,14,14
INV_01816,Северный,9041.57,10,13
INV_01817,Южный,6188.48,23,21
INV_01818,Северный,11099.17,5,15
INV_01819,Северный,14028.06,15,14
INV_01820,Западный,12082.28,19,21
INV_01821,Северный,2680.08,25,12
INV_01822,Северный,1533.72,2,12
INV_01823,Северный,1652.99,6,18
INV_01824,Северный,9899.64,19,12
INV_01825,Южный,6586.82,5,19
INV_01826,Южный,13745.72,1,18
INV_01827,Северный,3031.24,24,9
INV_01828,Северный,3322.29,8,14
INV_01829,Западный,4384.93,12,19
INV_01830,Южный,9366.44,20,9
INV_01831,Северный,3926.01,4,13
INV_01832,Западный,12920.75,23,10
INV_01833,Южный,3124.95,10,16
INV_01834,Северный,11813.48,9,15
INV_01835,Северный,5657.58,13,10
INV_01836,Южный,8426.42,28,20
INV_01837,Южный,1117.4,29,16
INV_01838,Северный,13262.52,5,18
INV_01839,Южный,6595.72,25,16
INV_01840,Западный,13313.42,17,9
INV_01841,Северный,7394.86,26,14
INV_01842,Южный,5809.16,26,18
INV_01843,Западный,6554.54,9,22
INV_01844,Южный,2203.15,4,17
INV_01845,Северный,9754.73,18,13
INV_01846,Южный,3024.99,23,18
INV_01847,Южный,13159.21,12,15
INV_01848,Северный,4948.45,8,14
INV_01849,Северный,4515.72,13,15
INV_01850,Северный,6286.9,12,17
INV_01851,Южный,6564.7,6,15
INV_01852,Южный,10171.46,18,22
INV_01853,Западный,14320.74,11,14
INV_01854,Южный,5153.96,9,15
INV_01855,Южный,4639.04,19,22
INV_01856,Западный,14569.74,28,21
INV_01857,Северный,12242.77,25,21
INV_01858,Южный,12104.38,18,19
INV_01859,Западный,4648.11,9,20
INV_01860,Южный,11931.11,6,15
INV_01861,Северный,11721.14,25,14
INV_01862,Северный,13104.48,24,18
INV_01863,Южный,1783.36,28,9
INV_01864,Западный,6595.86,29,8
INV_01865,Северный,13659.27,12,20
INV_01866,Северный,14943.27,23,14
INV_01867,Южный,3285.92,27,20
INV_01868,Северный,13535.37,18,10
INV_01869,Южный,3563.79,15,18
INV_01870,Северный,4707.6,3,13
INV_01871,Западный,5551.23,12,9
INV_01872,Северный,5288.11,21,21
INV_01873,Северный,1786.24,15,12
INV_01874,Южный,12217.78,14,18
INV_01875,Южный,10381.03,21,18
INV_01876,Северный,9603.73,14,19
INV_01877,Южный,5010.14,5,13
INV_01878,Северный,9144.03,16,19
INV_01879,Западный,4906.27,5,11
INV_01880,Южный,1900.56,12,19
INV_01881,Северный,13300.92,20,16
INV_01882,Западный,844.69,21,14
INV_01883,Западный,733.77,9,12
INV_01884,Западный,11418.02,5,19
INV_01885,Северный,3851.21,6,21
INV_01886,Западный,611.72,2,18
INV_01887,Северный,776.83,1,9
INV_01888,Южный,11291.41,15,20
INV_01889,Южный,3987.76,10,13
INV_01890,Западный,5503.66,11,17
INV_01891,Южный,5456.33,16,22
INV_01892,Западный,9298.1,28,10
INV_01893,Северный,14657.48,4,12
INV_01894,Южный,14448.33,18,11
INV_01895,Южный,2232.9,10,20
INV_01896,Южный,474.75,18,10
INV_01897,Северный,14378.18,5,17
INV_01898,Южный,14276.71,15,8
INV_01899,Северный,6573.29,14,8
INV_01900,Северный,7608.97,11,11
INV_01901,Северный,2418.04,9,20
INV_01902,Западный,1267.66,10,16
INV_01903,Западный,7375.53,12,12
INV_01904,Северный,2173.38,5,18
INV_01905,Южный,5761.14,24,13
INV_01906,Южный,8443.99,24,11
INV_01907,Западный,2545.87,21,16
INV_01908,Западный,11726.3,24,19
INV_01909,Южный,13042.46,24,8
INV_01910,Северный,6623.27,27,17
INV_01911,Южный,6565.74,10,11
INV_01912,Южный,1733.38,14,21
INV_01913,Западный,9047.59,27,16
INV_01914,Западный,6399.74,9,12
INV_01915,Северный,3976.69,7,10
INV_01916,Северный,10997.91,15,8
INV_01917,Южный,11310.53,16,13
INV_01918,Южный,12181.0,13,15
INV_01919,Северный,8097.14,6,22
INV_01920,Северный,9945.85,18,12
INV_01921,Западный,8550.81,8,18
INV_01922,Западный,10112.2,8,20
INV_01923,Западный,6899.12,29,19
INV_01924,Северный,10053.92,6,15
INV_01925,Южный,9652.22,1,20
INV_01926,Северный,2319.17,12,21
INV_01927,Северный,7969.22,11,19
INV_01928,Южный,10904.01,23,18
INV_01929,Южный,8370.26,16,22
INV_01930,Северный,14581.92,7,15
INV_01931,Северный,7376.12,19,21
INV_01932,Южный,7648.53,15,15
INV_01933,Южный,12721.18,29,18
INV_01934,Северный,7996.89,26,9
INV_01935,Южный,3395.19,2,19
INV_01936,Южный,9157.09,20,21
INV_01937,Южный,5117.89,28,19
INV_01938,Западный,12974.24,21,8
INV_01939,Северный,9507.57,13,21
INV_01940,Западный,3822.07,8,22
INV_01941,Западный,4044.11,21,19
INV_01942,Южный,10331.1,10,15
INV_01943,Северный,8876.13,23,16
INV_01944,Южный,8172.06,15,17
INV_01945,Южный,12276.75,1,21
INV_01946,Южный,10392.31,25,21
INV_01947,Западный,9803.04,22,11
INV_01948,Западный,9313.17,20,13
INV_01949,Западный,4002.91,17,8
INV_01950,Южный,6795.05,23,20
INV_01951,Южный,2920.01,1,11
INV_01952,Западный,3496.96,24,15
INV_01953,Южный,11827.09,18,15
INV_01954,Южный,13231.47,23,21
INV_01955,Северный,5711.92,2,22
INV_01956,Северный,5559.24,4,15
INV_01957,Северный,4134.63,15,8
INV_01958,Южный,10840.46,16,13
INV_01959,Западный,7012.36,1,8
INV_01960,Северный,11004.98,13,11
INV_01961,Северный,395.06,2,16
INV_01962,Западный,4288.69,5,17
INV_01963,Северный,9640.24,12,20
INV_01964,Северный,6336.47,16,18
INV_01965,Южный,12697.1,21,17
INV_01966,Южный,13089.13,8,10
INV_01967,Южный,6566.49,24,21
INV_01968,Южный,7390.83,13,10
INV_01969,Западный,1215.45,13,19
INV_01970,Южный,11430.47,18,12
INV_01971,Южный,3951.43,12,21
INV_01972,Южный,7805.99,14,10
INV_01973,Южный,11514.79,6,11
INV_01974,Западный,13617.33,10,16
INV_01975,Южный,6810.04,12,16
INV_01976,Западный,12284.59,24,9
INV_01977,Южный,14491.42,15,13
INV_01978,Северный,4212.38,12,18
INV_01979,Северный,9391.57,25,12
INV_01980,Северный,742.09,23,14
INV_01981,Северный,6250.44,11,16
INV_01982,Южный,7827.75,12,12
INV_01983,Северный,4144.3,22,19
INV_01984,Западный,8841.7,28,15
INV_01985,Западный,4719.51,11,22
INV_01986,Южный,11182.0,18,19
INV_01987,Южный,8922.36,19,11
INV_01988,Южный,12241.8,5,20
INV_01989,Западный,550.77,18,8
INV_01990,Северный,13351.67,20,16
INV_01991,Северный,10551.57,17,14
INV_01992,Южный,5823.93,7,15
INV_01993,Северный,2103.77,15,12
INV_01994,Северный,7717.41,8,12
INV_01995,Северный,567.03,2,17
INV_01996,Западный,1385.9,24,10
INV_01997,Западный,8765.87,19,10
INV_01998,Северный,10267.55,18,11
INV_01999,Южный,10289.5,6,18
INV_02000,Южный,1592.0,12,16
